data_coleta,fonte_lista,scielo_acronimo,titulo_scielo,status_scielo,continua_como,registro_tecnico_invalido,issns_scielo,issn_imp_scielo,issn_e_scielo,editora_scielo,area_scielo,url_scielo,erro_coleta
2026-09-06,https://www.scielo.br/journals/alpha?ilang=pt_BR,abcic,ABC Imagem Cardiovascular,corrente,,0,2318-8219; 2675-312X,2318-8219,2675-312X,Departamento de Imagem Cardiovascular da Sociedade Brasileira de Cardiolodia (DIC/SBC),Ciências Da Saúde,https://www.scielo.br/j/abcic/?ilang=pt_BR,
2026-09-06,https://www.scielo.br/journals/alpha?ilang=pt_BR,abcd,ABCD. Arquivos Brasileiros de Cirurgia Digestiva (São Paulo),corrente,,0,0102-6720; 2317-6326,0102-6720,2317-6326,Colégio Brasileiro de Cirurgia Digestiva,Ciências Da Saúde,https://www.scielo.br/j/abcd/?ilang=pt_BR,
2026-09-06,https://www.scielo.br/journals/alpha?ilang=pt_BR,aa,Acta Amazonica,corrente,,0,0044-5967; 1809-4392,0044-5967,1809-4392,Instituto Nacional de Pesquisas da Amazônia,Multidisciplinar,https://www.scielo.br/j/aa/?ilang=pt_BR,
2026-09-06,https://www.scielo.br/journals/alpha?ilang=pt_BR,abb,Acta Botanica Brasilica,corrente,,0,0102-3306; 1677-941X,0102-3306,1677-941X,Sociedade Botânica do Brasil,Ciências Biológicas,https://www.scielo.br/j/abb/?ilang=pt_BR,
2026-09-06,https://www.scielo.br/journals/alpha?ilang=pt_BR,acb,Acta Cirúrgica Brasileira,corrente,,0,0102-8650; 1678-2674,0102-8650,1678-2674,Sociedade Brasileira para o Desenvolvimento da Pesquisa em Cirurgia,Ciências Da Saúde,https://www.scielo.br/j/acb/?ilang=pt_BR,
2026-09-06,https://www.scielo.br/journals/alpha?ilang=pt_BR,alb,Acta Limnologica Brasiliensia,corrente,,0,2179-975X,,2179-975X,Associação Brasileira de Limnologia,Ciências Biológicas,https://www.scielo.br/j/alb/?ilang=pt_BR,
2026-09-06,https://www.scielo.br/journals/alpha?ilang=pt_BR,aob,Acta Ortopédica Brasileira,corrente,,0,1413-7852; 1809-4406,1413-7852,1809-4406,ATHA EDITORA,Ciências Da Saúde,https://www.scielo.br/j/aob/?ilang=pt_BR,
2026-09-06,https://www.scielo.br/journals/alpha?ilang=pt_BR,ape,Acta Paulista de Enfermagem,corrente,,0,0103-2100; 1982-0194,0103-2100,1982-0194,"Escola Paulista de Enfermagem, Universidade Federal de São Paulo",Ciências Da Saúde,https://www.scielo.br/j/ape/?ilang=pt_BR,
2026-09-06,https://www.scielo.br/journals/alpha?ilang=pt_BR,asagr,Acta Scientiarum. Agronomy,corrente,,0,1679-9275; 1807-8621,1679-9275,1807-8621,Editora da Universidade Estadual de Maringá - EDUEM,Ciências Agrárias,https://www.scielo.br/j/asagr/?ilang=pt_BR,
2026-09-06,https://www.scielo.br/journals/alpha?ilang=pt_BR,asas,Acta Scientiarum. Animal Sciences,corrente,,0,1806-2636; 1807-8672,1806-2636,1807-8672,Editora da Universidade Estadual de Maringá - EDUEM,Ciências Agrárias,https://www.scielo.br/j/asas/?ilang=pt_BR,
2026-09-06,https://www.scielo.br/journals/alpha?ilang=pt_BR,adr,Advances in Rheumatology,corrente,,0,2523-3106,,2523-3106,Sociedade Brasileira de Reumatologia,Ciências Da Saúde,https://www.scielo.br/j/adr/?ilang=pt_BR,
2026-09-06,https://www.scielo.br/journals/alpha?ilang=pt_BR,aws,Advances in Weed Science,corrente,,0,2675-9462,,2675-9462,Sociedade Brasileira da Ciência das Plantas Daninhas - SBCPD,Ciências Agrárias,https://www.scielo.br/j/aws/?ilang=pt_BR,
2026-09-06,https://www.scielo.br/journals/alpha?ilang=pt_BR,afro,Afro-Ásia,indexacao_interrompida,,0,0002-0591; 1981-1411,0002-0591,1981-1411,Universidade Federal da Bahia,Ciências Humanas,https://www.scielo.br/j/afro/?ilang=pt_BR,
2026-09-06,https://www.scielo.br/journals/alpha?ilang=pt_BR,alea,Alea: Estudos Neolatinos,corrente,,0,1517-106X; 1807-0299,1517-106X,1807-0299,"Programa de Pos-Graduação em Letras Neolatinas, Faculdade de Letras -UFRJ","Lingüística, Letras E Artes",https://www.scielo.br/j/alea/?ilang=pt_BR,
2026-09-06,https://www.scielo.br/journals/alpha?ilang=pt_BR,alfa,Alfa: Revista de Linguística (São José do Rio Preto),corrente,,0,0002-5216; 1981-5794,0002-5216,1981-5794,Universidade Estadual Paulista Júlio de Mesquita Filho,"Lingüística, Letras E Artes",https://www.scielo.br/j/alfa/?ilang=pt_BR,
2026-09-06,https://www.scielo.br/journals/alpha?ilang=pt_BR,alm,Almanack,corrente,,0,2236-4633,,2236-4633,Universidade Federal de São Paulo - UNIFESP,Ciências Humanas,https://www.scielo.br/j/alm/?ilang=pt_BR,
2026-09-06,https://www.scielo.br/journals/alpha?ilang=pt_BR,asoc,Ambiente & Sociedade,corrente,,0,1414-753X; 1809-4422,1414-753X,1809-4422,ANPPAS - Revista Ambiente e Sociedade,"Ciências Sociais Aplicadas, Ciências Biológicas, Ciências Humanas",https://www.scielo.br/j/asoc/?ilang=pt_BR,
2026-09-06,https://www.scielo.br/journals/alpha?ilang=pt_BR,ac,Ambiente Construído,corrente,,0,1415-8876; 1678-8621,1415-8876,1678-8621,Associação Nacional de Tecnologia do Ambiente Construído - ANTAC,Engenharias,https://www.scielo.br/j/ac/?ilang=pt_BR,
2026-09-06,https://www.scielo.br/journals/alpha?ilang=pt_BR,abd,Anais Brasileiros de Dermatologia,corrente,,0,0365-0596; 1806-4841,0365-0596,1806-4841,Sociedade Brasileira de Dermatologia,Ciências Da Saúde,https://www.scielo.br/j/abd/?ilang=pt_BR,
2026-09-06,https://www.scielo.br/journals/alpha?ilang=pt_BR,aabc,Anais da Academia Brasileira de Ciências,corrente,,0,0001-3765; 1678-2690,0001-3765,1678-2690,Academia Brasileira de Ciências,Multidisciplinar,https://www.scielo.br/j/aabc/?ilang=pt_BR,
2026-09-06,https://www.scielo.br/journals/alpha?ilang=pt_BR,aesalq,Anais da Escola Superior de Agricultura Luiz de Queiroz,terminado,,0,0071-1276; 2316-8935,0071-1276,2316-8935,"Universidade de São Paulo, Escola Superior de Agricultura",Ciências Agrárias,https://www.scielo.br/j/aesalq/?ilang=pt_BR,
2026-09-06,https://www.scielo.br/journals/alpha?ilang=pt_BR,aseb,Anais da Sociedade Entomológica do Brasil,terminado,,0,0301-8059; 1981-5328,0301-8059,1981-5328,Sociedade Entomológica do Brasil,Ciências Biológicas,https://www.scielo.br/j/aseb/?ilang=pt_BR,
2026-09-06,https://www.scielo.br/journals/alpha?ilang=pt_BR,anaismp,Anais do Museu Paulista: História e Cultura Material,corrente,,0,0101-4714; 1982-0267,0101-4714,1982-0267,"Museu Paulista, Universidade de São Paulo","Ciências Sociais Aplicadas, Ciências Humanas",https://www.scielo.br/j/anaismp/?ilang=pt_BR,
2026-09-06,https://www.scielo.br/journals/alpha?ilang=pt_BR,ar,Animal Reproduction,corrente,,0,1806-9614; 1984-3143,1806-9614,1984-3143,Colégio Brasileiro de Reprodução Animal,Ciências Agrárias,https://www.scielo.br/j/ar/?ilang=pt_BR,
2026-09-06,https://www.scielo.br/journals/alpha?ilang=pt_BR,aantropol,Anuário Antropológico,corrente,,0,0102-4302; 2357-738X,0102-4302,2357-738X,Programa de Pós-Graduação em Antropologia Social,Ciências Humanas,https://www.scielo.br/j/aantropol/?ilang=pt_BR,
2026-09-06,https://www.scielo.br/journals/alpha?ilang=pt_BR,aigeo,Anuário do Instituto de Geociências,corrente,,0,0101-9759; 1982-3908,0101-9759,1982-3908,Universidade Federal do Rio de Janeiro,Ciências Exatas E Da Terra,https://www.scielo.br/j/aigeo/?ilang=pt_BR,
2026-09-06,https://www.scielo.br/journals/alpha?ilang=pt_BR,rpc,Archives of Clinical Psychiatry (São Paulo),indexacao_interrompida,,0,0101-6083; 1806-938X,0101-6083,1806-938X,Faculdade de Medicina da Universidade de São Paulo,Ciências Da Saúde,https://www.scielo.br/j/rpc/?ilang=pt_BR,
2026-09-06,https://www.scielo.br/journals/alpha?ilang=pt_BR,aem,Archives of Endocrinology and Metabolism,corrente,,0,2359-3997; 2359-4292,2359-3997,2359-4292,Sociedade Brasileira de Endocrinologia e Metabologia,Ciências Da Saúde,https://www.scielo.br/j/aem/?ilang=pt_BR,
2026-09-06,https://www.scielo.br/journals/alpha?ilang=pt_BR,abmvz,Arquivo Brasileiro de Medicina Veterinária e Zootecnia,corrente,,0,0102-0935; 1678-4162,0102-0935,1678-4162,"Universidade Federal de Minas Gerais, Escola de Veterinária",Ciências Agrárias,https://www.scielo.br/j/abmvz/?ilang=pt_BR,
2026-09-06,https://www.scielo.br/journals/alpha?ilang=pt_BR,abc,Arquivos Brasileiros de Cardiologia,corrente,,0,0066-782X; 1678-4170,0066-782X,1678-4170,Sociedade Brasileira de Cardiologia - SBC,Ciências Da Saúde,https://www.scielo.br/j/abc/?ilang=pt_BR,
2026-09-06,https://www.scielo.br/journals/alpha?ilang=pt_BR,abem,Arquivos Brasileiros de Endocrinologia & Metabologia,terminado,,0,0004-2730; 1677-9487,,1677-9487,Sociedade Brasileira de Endocrinologia e Metabologia,Ciências Da Saúde,https://www.scielo.br/j/abem/?ilang=pt_BR,
2026-09-06,https://www.scielo.br/journals/alpha?ilang=pt_BR,abo,Arquivos Brasileiros de Oftalmologia,corrente,,0,0004-2749; 1678-2925,0004-2749,1678-2925,Conselho Brasileiro de Oftalmologia,Ciências Da Saúde,https://www.scielo.br/j/abo/?ilang=pt_BR,
2026-09-06,https://www.scielo.br/journals/alpha?ilang=pt_BR,ag,Arquivos de Gastroenterologia,corrente,,0,0004-2803; 1678-4219,0004-2803,1678-4219,Instituto Brasileiro de Estudos e Pesquisas de Gastroenterologia e Outras Especialidades - IBEPEGE.,Ciências Da Saúde,https://www.scielo.br/j/ag/?ilang=pt_BR,
2026-09-06,https://www.scielo.br/journals/alpha?ilang=pt_BR,anp,Arquivos de Neuro-Psiquiatria,corrente,,0,0004-282X; 1678-4227,0004-282X,1678-4227,Academia Brasileira de Neurologia - ABNEURO,Ciências Da Saúde,https://www.scielo.br/j/anp/?ilang=pt_BR,
2026-09-06,https://www.scielo.br/journals/alpha?ilang=pt_BR,aib,Arquivos do Instituto Biológico,corrente,,0,0020-3653; 1808-1657,0020-3653,1808-1657,Instituto Biológico,Ciências Agrárias,https://www.scielo.br/j/aib/?ilang=pt_BR,
2026-09-06,https://www.scielo.br/journals/alpha?ilang=pt_BR,aio,Arquivos Internacionais de Otorrinolaringologia,terminado,,0,1809-4856; 1809-4872,,1809-4856,Fundação Otorrinolaringologia,Ciências Da Saúde,https://www.scielo.br/j/aio/?ilang=pt_BR,
2026-09-06,https://www.scielo.br/journals/alpha?ilang=pt_BR,ars,ARS (São Paulo),corrente,,0,1678-5320; 2178-0447,1678-5320,2178-0447,Escola de Comunicações e Artes da Universidade de São Paulo,"Lingüística, Letras E Artes",https://www.scielo.br/j/ars/?ilang=pt_BR,
2026-09-06,https://www.scielo.br/journals/alpha?ilang=pt_BR,acr,Audiology - Communication Research,corrente,,0,2317-6431,,2317-6431,Academia Brasileira de Audiologia,Ciências Da Saúde,https://www.scielo.br/j/acr/?ilang=pt_BR,
2026-09-06,https://www.scielo.br/journals/alpha?ilang=pt_BR,acrep,Autopsy and Case Reports,indexacao_interrompida,,0,2236-1960,,2236-1960,Hospital Universitário da Universidade de São Paulo,Ciências Da Saúde,https://www.scielo.br/j/acrep/?ilang=pt_BR,
2026-09-06,https://www.scielo.br/journals/alpha?ilang=pt_BR,aval,Avaliação: Revista da Avaliação da Educação Superior (Campinas),corrente,,0,1414-4077; 1982-5765,1414-4077,1982-5765,"Publicação da Rede de Avaliação Institucional da Educação Superior (RAIES), da Universidade Estadual de Campinas (UNICAMP) e da Universidade de Sorocaba (UNISO).",Ciências Humanas,https://www.scielo.br/j/aval/?ilang=pt_BR,
2026-09-06,https://www.scielo.br/journals/alpha?ilang=pt_BR,bak,Bakhtiniana: Revista de Estudos do Discurso,corrente,,0,2176-4573,,2176-4573,LAEL/PUC-SP (Programa de Estudos Pós-Graduados em Linguística Aplicada e Estudos da Linguagem da Pontifícia Universidade Católica de São Paulo),"Lingüística, Letras E Artes",https://www.scielo.br/j/bak/?ilang=pt_BR,
2026-09-06,https://www.scielo.br/journals/alpha?ilang=pt_BR,bar,BAR - Brazilian Administration Review,corrente,,0,1807-7692,,1807-7692,ANPAD - Associação Nacional de Pós-Graduação e Pesquisa em Administração,Ciências Sociais Aplicadas,https://www.scielo.br/j/bar/?ilang=pt_BR,
2026-09-06,https://www.scielo.br/journals/alpha?ilang=pt_BR,bbr,BBR. Brazilian Business Review,corrente,,0,1808-2386,,1808-2386,Fucape Business School,Ciências Sociais Aplicadas,https://www.scielo.br/j/bbr/?ilang=pt_BR,
2026-09-06,https://www.scielo.br/journals/alpha?ilang=pt_BR,bioscience,BioSCIENCE (Curitiba),corrente,,0,2764-9342; 2764-9350,2764-9342,2764-9350,Associação Médica do Paraná - AMP,Ciências Da Saúde,https://www.scielo.br/j/bioscience/?ilang=pt_BR,
2026-09-06,https://www.scielo.br/journals/alpha?ilang=pt_BR,bn,Biota Neotropica,corrente,,0,1676-0603; 1676-0611,,1676-0611,Instituto Virtual da Biodiversidade | BIOTA - FAPESP,Ciências Biológicas,https://www.scielo.br/j/bn/?ilang=pt_BR,
2026-09-06,https://www.scielo.br/journals/alpha?ilang=pt_BR,bolema,Bolema: Boletim de Educação Matemática,corrente,,0,0103-636X; 1980-4415,0103-636X,1980-4415,"UNESP - Universidade Estadual Paulista, Pró-Reitoria de Pesquisa, Programa de Pós-Graduação em Educação Matemática",Ciências Humanas,https://www.scielo.br/j/bolema/?ilang=pt_BR,
2026-09-06,https://www.scielo.br/journals/alpha?ilang=pt_BR,bcg,Boletim de Ciências Geodésicas,corrente,,0,1413-4853; 1982-2170,1413-4853,1982-2170,Universidade Federal do Paraná,Ciências Exatas E Da Terra,https://www.scielo.br/j/bcg/?ilang=pt_BR,
2026-09-06,https://www.scielo.br/journals/alpha?ilang=pt_BR,bip,Boletim do Instituto de Pesca,corrente,,0,0046-9939; 1678-2305,0046-9939,1678-2305,Instituto de Pesca,Ciências Agrárias,https://www.scielo.br/j/bip/?ilang=pt_BR,
2026-09-06,https://www.scielo.br/journals/alpha?ilang=pt_BR,bioce,Boletim do Instituto Oceanográfico,terminado,,0,0373-5524,0373-5524,,Instituto Oceanográfico da Universidade de São Paulo,"Ciências Biológicas, Ciências Exatas E Da Terra",https://www.scielo.br/j/bioce/?ilang=pt_BR,
2026-09-06,https://www.scielo.br/journals/alpha?ilang=pt_BR,bipoce,Boletim do Instituto Paulista de Oceanografia,terminado,,0,0100-4239,0100-4239,,Instituto Oceanográfico da Universidade de São Paulo,"Ciências Biológicas, Ciências Exatas E Da Terra",https://www.scielo.br/j/bipoce/?ilang=pt_BR,
2026-09-06,https://www.scielo.br/journals/alpha?ilang=pt_BR,bgoeldi,Boletim do Museu Paraense Emílio Goeldi. Ciências Humanas,corrente,,0,1981-8122; 2178-2547,1981-8122,2178-2547,MCTI/Museu Paraense Emílio Goeldi,Ciências Humanas,https://www.scielo.br/j/bgoeldi/?ilang=pt_BR,
2026-09-06,https://www.scielo.br/journals/alpha?ilang=pt_BR,brag,Bragantia,corrente,,0,0006-8705; 1678-4499,0006-8705,1678-4499,Instituto Agronômico de Campinas,Ciências Agrárias,https://www.scielo.br/j/brag/?ilang=pt_BR,
2026-09-06,https://www.scielo.br/journals/alpha?ilang=pt_BR,babt,Brazilian Archives of Biology and Technology,corrente,,0,1516-8913; 1678-4324,1516-8913,1678-4324,Instituto de Tecnologia do Paraná - Tecpar,Multidisciplinar,https://www.scielo.br/j/babt/?ilang=pt_BR,
2026-09-06,https://www.scielo.br/journals/alpha?ilang=pt_BR,bdj,Brazilian Dental Journal,corrente,,0,0103-6440; 1806-4760,0103-6440,1806-4760,Fundação Odontológica de Ribeirão Preto,Ciências Da Saúde,https://www.scielo.br/j/bdj/?ilang=pt_BR,
2026-09-06,https://www.scielo.br/journals/alpha?ilang=pt_BR,bds,Brazilian Dental Science,corrente,,0,2178-6011,,2178-6011,"Universidade Estadual Paulista, Instituto de Ciência e Tecnologia",Ciências Da Saúde,https://www.scielo.br/j/bds/?ilang=pt_BR,
2026-09-06,https://www.scielo.br/journals/alpha?ilang=pt_BR,bja,Brazilian Journal of Anesthesiology,corrente,,0,0104-0014; 2352-2291,0104-0014,2352-2291,Sociedade Brasileira de Anestesiologia (SBA),Ciências Da Saúde,https://www.scielo.br/j/bja/?ilang=pt_BR,
2026-09-06,https://www.scielo.br/journals/alpha?ilang=pt_BR,bjb,Brazilian Journal of Biology,corrente,,0,1519-6984; 1678-4375,1519-6984,1678-4375,Instituto Internacional de Ecologia,Ciências Biológicas,https://www.scielo.br/j/bjb/?ilang=pt_BR,
2026-09-06,https://www.scielo.br/journals/alpha?ilang=pt_BR,rbb,Brazilian Journal of Botany,indexacao_interrompida,,0,0100-8404; 1806-9959,0100-8404,1806-9959,Sociedade Botânica de São Paulo,Ciências Biológicas,https://www.scielo.br/j/rbb/?ilang=pt_BR,
2026-09-06,https://www.scielo.br/journals/alpha?ilang=pt_BR,rbccv,Brazilian Journal of Cardiovascular Surgery,corrente,,0,0102-7638; 1678-9741,0102-7638,1678-9741,Sociedade Brasileira de Cirurgia Cardiovascular,Ciências Da Saúde,https://www.scielo.br/j/rbccv/?ilang=pt_BR,
2026-09-06,https://www.scielo.br/journals/alpha?ilang=pt_BR,bjce,Brazilian Journal of Chemical Engineering,indexacao_interrompida,,0,0104-6632; 1678-4383,0104-6632,1678-4383,Brazilian Society of Chemical Engineering,Engenharias,https://www.scielo.br/j/bjce/?ilang=pt_BR,
2026-09-06,https://www.scielo.br/journals/alpha?ilang=pt_BR,bjft,Brazilian Journal of Food Technology,corrente,,0,1981-6723,,1981-6723,Instituto de Tecnologia de Alimentos - ITAL,Ciências Agrárias,https://www.scielo.br/j/bjft/?ilang=pt_BR,
2026-09-06,https://www.scielo.br/journals/alpha?ilang=pt_BR,bjg,Brazilian Journal of Genetics,terminado,,0,0100-8455; 1678-4502,0100-8455,1678-4502,Sociedade Brasileira de Genética,Ciências Biológicas,https://www.scielo.br/j/bjg/?ilang=pt_BR,
2026-09-06,https://www.scielo.br/journals/alpha?ilang=pt_BR,bjgeo,Brazilian Journal of Geology,corrente,,0,2317-4692; 2317-4889,2317-4889,2317-4692,Sociedade Brasileira de Geologia,Ciências Exatas E Da Terra,https://www.scielo.br/j/bjgeo/?ilang=pt_BR,
2026-09-06,https://www.scielo.br/journals/alpha?ilang=pt_BR,bjid,Brazilian Journal of Infectious Diseases,corrente,,0,1413-8670; 1678-4391,1413-8670,1678-4391,Brazilian Society of Infectious Diseases,"Ciências Biológicas, Ciências Da Saúde",https://www.scielo.br/j/bjid/?ilang=pt_BR,
2026-09-06,https://www.scielo.br/journals/alpha?ilang=pt_BR,bjmbr,Brazilian Journal of Medical and Biological Research,corrente,,0,0100-879X; 1414-431X,0100-879X,1414-431X,Associação Brasileira de Divulgação Científica,"Ciências Biológicas, Ciências Da Saúde",https://www.scielo.br/j/bjmbr/?ilang=pt_BR,
2026-09-06,https://www.scielo.br/journals/alpha?ilang=pt_BR,bjm,Brazilian Journal of Microbiology,indexacao_interrompida,,0,1517-8382; 1678-4405,1517-8382,1678-4405,Sociedade Brasileira de Microbiologia,Ciências Biológicas,https://www.scielo.br/j/bjm/?ilang=pt_BR,
2026-09-06,https://www.scielo.br/journals/alpha?ilang=pt_BR,jbn,Brazilian Journal of Nephrology,corrente,,0,0101-2800; 2175-8239,0101-2800,2175-8239,Sociedade Brasileira de Nefrologia,Ciências Da Saúde,https://www.scielo.br/j/jbn/?ilang=pt_BR,
2026-09-06,https://www.scielo.br/journals/alpha?ilang=pt_BR,bjoce,Brazilian Journal of Oceanography,terminado,,0,1679-8759; 1982-436X,1679-8759,1982-436X,"Universidade de São Paulo, Instituto Oceanográfico",Ciências Exatas E Da Terra,https://www.scielo.br/j/bjoce/?ilang=pt_BR,
2026-09-06,https://www.scielo.br/journals/alpha?ilang=pt_BR,bjos,Brazilian Journal of Oral Sciences,corrente,,0,1677-3217; 1677-3225,1677-3217,1677-3225,Faculdade de Odontologia de Piracicaba - UNICAMP,Ciências Da Saúde,https://www.scielo.br/j/bjos/?ilang=pt_BR,
2026-09-06,https://www.scielo.br/journals/alpha?ilang=pt_BR,bjorl,Brazilian Journal of Otorhinolaryngology,corrente,,0,1808-8686; 1808-8694,1808-8694,1808-8686,Associação Brasileira de Otorrinolaringologia e Cirurgia Cérvico-Facial.,Ciências Da Saúde,https://www.scielo.br/j/bjorl/?ilang=pt_BR,
2026-09-06,https://www.scielo.br/journals/alpha?ilang=pt_BR,bjps,Brazilian Journal of Pharmaceutical Sciences,corrente,,0,1984-8250; 2175-9790,,2175-9790,"Universidade de São Paulo, Faculdade de Ciências Farmacêuticas",Ciências Da Saúde,https://www.scielo.br/j/bjps/?ilang=pt_BR,
2026-09-06,https://www.scielo.br/journals/alpha?ilang=pt_BR,rbfis,Brazilian Journal of Physical Therapy,indexacao_interrompida,,0,1413-3555; 1809-9246,1413-3555,1809-9246,Associação Brasileira de Pesquisa e Pós-Graduação em Fisioterapia,Ciências Da Saúde,https://www.scielo.br/j/rbfis/?ilang=pt_BR,
2026-09-06,https://www.scielo.br/journals/alpha?ilang=pt_BR,bjp,Brazilian Journal of Physics,indexacao_interrompida,,0,0103-9733; 1678-4448,0103-9733,1678-4448,Sociedade Brasileira de Física,Ciências Exatas E Da Terra,https://www.scielo.br/j/bjp/?ilang=pt_BR,
2026-09-06,https://www.scielo.br/journals/alpha?ilang=pt_BR,bjpp,Brazilian Journal of Plant Physiology,terminado,,0,1677-0420; 1677-9452,,1677-9452,Brazilian Journal of Plant Physiology,Ciências Biológicas,https://www.scielo.br/j/bjpp/?ilang=pt_BR,
2026-09-06,https://www.scielo.br/journals/alpha?ilang=pt_BR,rep,Brazilian Journal of Political Economy,corrente,,0,0101-3157; 1809-4538,0101-3157,1809-4538,Centro de Economia Política,"Ciências Sociais Aplicadas, Ciências Humanas",https://www.scielo.br/j/rep/?ilang=pt_BR,
2026-09-06,https://www.scielo.br/journals/alpha?ilang=pt_BR,rbca,Brazilian Journal of Poultry Science,corrente,,0,1516-635X; 1806-9061,1516-635X,1806-9061,Fundação de Apoio à Ciência e Tecnologia Animal,Ciências Agrárias,https://www.scielo.br/j/rbca/?ilang=pt_BR,
2026-09-06,https://www.scielo.br/journals/alpha?ilang=pt_BR,rbp,Brazilian Journal of Psychiatry,corrente,,0,1516-4446; 1809-452X,1516-4446,1809-452X,Associação Brasileira de Psiquiatria,Ciências Da Saúde,https://www.scielo.br/j/rbp/?ilang=pt_BR,
2026-09-06,https://www.scielo.br/journals/alpha?ilang=pt_BR,bjrs,Brazilian Journal of Radiation Sciences,corrente,,0,2319-0612,,2319-0612,Sociedade Brasileira de Proteção Radiológica,"Engenharias, Ciências Da Saúde",https://www.scielo.br/j/bjrs/?ilang=pt_BR,
2026-09-06,https://www.scielo.br/journals/alpha?ilang=pt_BR,bjt,Brazilian Journal of Transplantation,corrente,,0,2764-1589,,2764-1589,Associação Brasileira de Transplante de Órgãos,Ciências Da Saúde,https://www.scielo.br/j/bjt/?ilang=pt_BR,
2026-09-06,https://www.scielo.br/journals/alpha?ilang=pt_BR,bjvras,Brazilian Journal of Veterinary Research and Animal Science,indexacao_interrompida,,0,1413-9596; 1678-4456,1413-9596,1678-4456,Faculdade de Medicina Veterinária e Zootecnia / Universidade de São Paulo,Ciências Agrárias,https://www.scielo.br/j/bjvras/?ilang=pt_BR,
2026-09-06,https://www.scielo.br/journals/alpha?ilang=pt_BR,bjr,Brazilian Journalism Research,corrente,,0,1808-4079; 1981-9854,1808-4079,1981-9854,Associação Brasileira de Pesquisadores em Jornalismo (SBPJor),Ciências Sociais Aplicadas,https://www.scielo.br/j/bjr/?ilang=pt_BR,
2026-09-06,https://www.scielo.br/journals/alpha?ilang=pt_BR,bor,Brazilian Oral Research,corrente,,0,1806-8324; 1807-3107,1806-8324,1807-3107,Sociedade Brasileira de Pesquisa Odontológica - SBPqO,Ciências Da Saúde,https://www.scielo.br/j/bor/?ilang=pt_BR,
2026-09-06,https://www.scielo.br/journals/alpha?ilang=pt_BR,bpsr,Brazilian Political Science Review,corrente,,0,1981-3821,,1981-3821,Associação Brasileira de Ciência Política,Ciências Humanas,https://www.scielo.br/j/bpsr/?ilang=pt_BR,
2026-09-06,https://www.scielo.br/journals/alpha?ilang=pt_BR,brjp,BrJP,corrente,,0,2595-0118; 2595-3192,2595-0118,2595-3192,Sociedade Brasileira para o Estudo da Dor,Ciências Da Saúde,https://www.scielo.br/j/brjp/?ilang=pt_BR,
2026-09-06,https://www.scielo.br/journals/alpha?ilang=pt_BR,ccrh,Caderno CRH,corrente,,0,0103-4979; 1983-8239,0103-4979,1983-8239,Universidade Federal da Bahia - Faculdade de Filosofia e Ciências Humanas - Centro de Recursos Humanos,"Ciências Sociais Aplicadas, Ciências Humanas",https://www.scielo.br/j/ccrh/?ilang=pt_BR,
2026-09-06,https://www.scielo.br/journals/alpha?ilang=pt_BR,cest,Caderno de Estudos,terminado,,0,1413-9251; 2316-8943,1413-9251,2316-8943,"Fundação Instituto de Pesquisas Contábeis, Atuariais e Financeiras",Ciências Sociais Aplicadas,https://www.scielo.br/j/cest/?ilang=pt_BR,
2026-09-06,https://www.scielo.br/journals/alpha?ilang=pt_BR,cadbto,Cadernos Brasileiros de Terapia Ocupacional,corrente,,0,2526-8910,,2526-8910,"Universidade Federal de São Carlos, Departamento de Terapia Ocupacional",Ciências Da Saúde,https://www.scielo.br/j/cadbto/?ilang=pt_BR,
2026-09-06,https://www.scielo.br/journals/alpha?ilang=pt_BR,ccedes,Cadernos CEDES,corrente,,0,0101-3262; 1678-7110,0101-3262,1678-7110,CEDES - Centro de Estudos Educação e Sociedade,Ciências Humanas,https://www.scielo.br/j/ccedes/?ilang=pt_BR,
2026-09-06,https://www.scielo.br/journals/alpha?ilang=pt_BR,cp,Cadernos de Pesquisa,corrente,,0,0100-1574; 1980-5314,0100-1574,1980-5314,Fundação Carlos Chagas,Ciências Humanas,https://www.scielo.br/j/cp/?ilang=pt_BR,
2026-09-06,https://www.scielo.br/journals/alpha?ilang=pt_BR,csp,Cadernos de Saúde Pública,corrente,,0,0102-311X; 1678-4464,0102-311X,1678-4464,"Escola Nacional de Saúde Pública Sergio Arouca, Fundação Oswaldo Cruz",Ciências Da Saúde,https://www.scielo.br/j/csp/?ilang=pt_BR,
2026-09-06,https://www.scielo.br/journals/alpha?ilang=pt_BR,ct,Cadernos de Tradução,corrente,,0,1414-526X; 2175-7968,1414-526X,2175-7968,Universidade Federal de Santa Catarina,"Lingüística, Letras E Artes",https://www.scielo.br/j/ct/?ilang=pt_BR,
2026-09-06,https://www.scielo.br/journals/alpha?ilang=pt_BR,cebape,Cadernos EBAPE.BR,corrente,,0,1679-3951,,1679-3951,"Fundação Getulio Vargas, Escola Brasileira de Administração Pública e de Empresas",Ciências Sociais Aplicadas,https://www.scielo.br/j/cebape/?ilang=pt_BR,
2026-09-06,https://www.scielo.br/journals/alpha?ilang=pt_BR,cgpc,Cadernos Gestão Pública e Cidadania,corrente,,0,1806-2261; 2236-5710,1806-2261,2236-5710,"Fundação Getulio Vargas, Escola de Administração de Empresas de São Paulo",Ciências Sociais Aplicadas,https://www.scielo.br/j/cgpc/?ilang=pt_BR,
2026-09-06,https://www.scielo.br/journals/alpha?ilang=pt_BR,cm,Cadernos Metrópole,corrente,,0,1517-2422; 2236-9996,1517-2422,2236-9996,Pontifícia Universidade Católica de São Paulo,Ciências Sociais Aplicadas,https://www.scielo.br/j/cm/?ilang=pt_BR,
2026-09-06,https://www.scielo.br/journals/alpha?ilang=pt_BR,cniet,Cadernos Nietzsche,corrente,,0,1413-7755; 2316-8242,1413-7755,2316-8242,Grupo de Estudos Nietzsche,Ciências Humanas,https://www.scielo.br/j/cniet/?ilang=pt_BR,
2026-09-06,https://www.scielo.br/journals/alpha?ilang=pt_BR,cpa,Cadernos Pagu,corrente,,0,0104-8333; 1809-4449,0104-8333,1809-4449,"Universidade Estadual de Campinas (UNICAMP), Núcleo de Estudos de Gênero - PAGU",Ciências Humanas,https://www.scielo.br/j/cpa/?ilang=pt_BR,
2026-09-06,https://www.scielo.br/journals/alpha?ilang=pt_BR,cadsc,Cadernos Saúde Coletiva,corrente,,0,1414-462X; 2358-291X,1414-462X,2358-291X,Instituto de Estudos em Saúde Coletiva da Universidade Federal do Rio de Janeiro,Ciências Da Saúde,https://www.scielo.br/j/cadsc/?ilang=pt_BR,
2026-09-06,https://www.scielo.br/journals/alpha?ilang=pt_BR,cerne,CERNE,corrente,,0,0104-7760; 2317-6342,0104-7760,2317-6342,UFLA - Universidade Federal de Lavras,Ciências Agrárias,https://www.scielo.br/j/cerne/?ilang=pt_BR,
2026-09-06,https://www.scielo.br/journals/alpha?ilang=pt_BR,ce,Cerâmica,corrente,,0,0366-6913; 1678-4553,0366-6913,1678-4553,Associação Brasileira de Cerâmica,Engenharias,https://www.scielo.br/j/ce/?ilang=pt_BR,
2026-09-06,https://www.scielo.br/journals/alpha?ilang=pt_BR,cphi,Childhood & Philosophy (Rio de Janeiro),corrente,,0,1984-5987; 2525-5061,2525-5061,1984-5987,Universidade do Estado do Rio de Janeiro Faculdade de Educação Programa de Pós-Graduação em educação filosófica com Infâncias (PPEFI),Ciências Humanas,https://www.scielo.br/j/cphi/?ilang=pt_BR,
2026-09-06,https://www.scielo.br/journals/alpha?ilang=pt_BR,civitas,Civitas - Revista de Ciências Sociais,corrente,,0,1519-6089; 1984-7289,1519-6089,1984-7289,Pontifícia Universidade Católica do Rio Grande do Sul,Ciências Humanas,https://www.scielo.br/j/civitas/?ilang=pt_BR,
2026-09-06,https://www.scielo.br/journals/alpha?ilang=pt_BR,ciedu,Ciência & Educação (Bauru),corrente,,0,1516-7313; 1980-850X,1516-7313,1980-850X,"Programa de Pós-Graduação em Educação para a Ciência, Universidade Estadual Paulista (UNESP), Faculdade de Ciências, campus de Bauru.",Ciências Humanas,https://www.scielo.br/j/ciedu/?ilang=pt_BR,
2026-09-06,https://www.scielo.br/journals/alpha?ilang=pt_BR,csc,Ciência & Saúde Coletiva,corrente,,0,1413-8123; 1678-4561,1413-8123,1678-4561,ABRASCO - Associação Brasileira de Saúde Coletiva,Ciências Da Saúde,https://www.scielo.br/j/csc/?ilang=pt_BR,
2026-09-06,https://www.scielo.br/journals/alpha?ilang=pt_BR,cab,Ciência Animal Brasileira,corrente,,0,1518-2797; 1809-6891,1518-2797,1809-6891,Universidade Federal de Goiás,Ciências Agrárias,https://www.scielo.br/j/cab/?ilang=pt_BR,
2026-09-06,https://www.scielo.br/journals/alpha?ilang=pt_BR,ci,Ciência da Informação,indexacao_interrompida,,0,0100-1965; 1518-8353,0100-1965,1518-8353,IBICT,Ciências Sociais Aplicadas,https://www.scielo.br/j/ci/?ilang=pt_BR,
2026-09-06,https://www.scielo.br/journals/alpha?ilang=pt_BR,cagro,Ciência e Agrotecnologia,corrente,,0,1413-7054; 1981-1829,1413-7054,1981-1829,Editora da Universidade Federal de Lavras,Ciências Agrárias,https://www.scielo.br/j/cagro/?ilang=pt_BR,
2026-09-06,https://www.scielo.br/journals/alpha?ilang=pt_BR,cflo,Ciência Florestal,corrente,,0,0103-9954; 1980-5098,0103-9954,1980-5098,Universidade Federal de Santa Maria,Ciências Agrárias,https://www.scielo.br/j/cflo/?ilang=pt_BR,
2026-09-06,https://www.scielo.br/journals/alpha?ilang=pt_BR,cr,Ciência Rural,corrente,,0,0103-8478; 1678-4596,0103-8478,1678-4596,Universidade Federal de Santa Maria,Ciências Agrárias,https://www.scielo.br/j/cr/?ilang=pt_BR,
2026-09-06,https://www.scielo.br/journals/alpha?ilang=pt_BR,clin,Clinics,corrente,,0,1807-5932; 1980-5322,1807-5932,1980-5322,Faculdade de Medicina / USP,Ciências Da Saúde,https://www.scielo.br/j/clin/?ilang=pt_BR,
2026-09-06,https://www.scielo.br/journals/alpha?ilang=pt_BR,codas,CoDAS,corrente,,0,2317-1782,,2317-1782,Sociedade Brasileira de Fonoaudiologia,Ciências Da Saúde,https://www.scielo.br/j/codas/?ilang=pt_BR,
2026-09-06,https://www.scielo.br/journals/alpha?ilang=pt_BR,cenf,Cogitare Enfermagem,corrente,,0,1414-8536; 2176-9133,1414-8536,2176-9133,Universidade Federal do Paraná,Ciências Da Saúde,https://www.scielo.br/j/cenf/?ilang=pt_BR,
2026-09-06,https://www.scielo.br/journals/alpha?ilang=pt_BR,coluna,Coluna/Columna,corrente,,0,1808-1851; 2177-014X,1808-1851,2177-014X,Sociedade Brasileira de Coluna,Ciências Da Saúde,https://www.scielo.br/j/coluna/?ilang=pt_BR,
2026-09-06,https://www.scielo.br/journals/alpha?ilang=pt_BR,cam,Computational & Applied Mathematics,indexacao_interrompida,,0,1807-0302; 2238-3603,2238-3603,1807-0302,Sociedade Brasileira de Matemática Aplicada e Computacional,Ciências Exatas E Da Terra,https://www.scielo.br/j/cam/?ilang=pt_BR,
2026-09-06,https://www.scielo.br/journals/alpha?ilang=pt_BR,cint,Contexto Internacional,corrente,,0,0102-8529; 1982-0240,0102-8529,1982-0240,"Pontifícia Universidade Católica do Rio de Janeiro, Instituto de Relações Internacionais",Ciências Humanas,https://www.scielo.br/j/cint/?ilang=pt_BR,
2026-09-06,https://www.scielo.br/journals/alpha?ilang=pt_BR,ccsci,Critical Care Science,corrente,,0,2965-2774,,2965-2774,Associação de Medicina Intensiva Brasileira - AMIB,Ciências Da Saúde,https://www.scielo.br/j/ccsci/?ilang=pt_BR,
2026-09-06,https://www.scielo.br/journals/alpha?ilang=pt_BR,cbab,Crop Breeding and Applied Biotechnology,corrente,,0,1518-7853; 1984-7033,1518-7853,1984-7033,Crop Breeding and Applied Biotechnology,"Ciências Agrárias, Ciências Biológicas",https://www.scielo.br/j/cbab/?ilang=pt_BR,
2026-09-06,https://www.scielo.br/journals/alpha?ilang=pt_BR,dados,Dados,corrente,,0,0011-5258; 1678-4588,0011-5258,1678-4588,Instituto de Estudos Sociais e Políticos (IESP) da Universidade do Estado do Rio de Janeiro (UERJ),Ciências Humanas,https://www.scielo.br/j/dados/?ilang=pt_BR,
2026-09-06,https://www.scielo.br/journals/alpha?ilang=pt_BR,delta,DELTA: Documentação de Estudos em Lingüística Teórica e Aplicada,corrente,,0,0102-4450; 1678-460X,0102-4450,1678-460X,Pontifícia Universidade Católica de São Paulo - PUC-SP,"Lingüística, Letras E Artes",https://www.scielo.br/j/delta/?ilang=pt_BR,
2026-09-06,https://www.scielo.br/journals/alpha?ilang=pt_BR,dn,Dementia & Neuropsychologia,corrente,,0,1980-5764,1980-5764,1980-5764,"Academia Brasileira de Neurologia, Departamento de Neurologia Cognitiva e Envelhecimento","Ciências Da Saúde, Ciências Humanas",https://www.scielo.br/j/dn/?ilang=pt_BR,
2026-09-06,https://www.scielo.br/journals/alpha?ilang=pt_BR,dpjo,Dental Press Journal of Orthodontics,corrente,,0,2176-9451; 2177-6709,2176-9451,2177-6709,Dental Press International,Ciências Da Saúde,https://www.scielo.br/j/dpjo/?ilang=pt_BR,
2026-09-06,https://www.scielo.br/journals/alpha?ilang=pt_BR,dilemas,Dilemas: Revista de Estudos de Conflito e Controle Social,corrente,,0,1983-5922; 2178-2792,1983-5922,2178-2792,Universidade Federal do Rio de Janeiro,Ciências Humanas,https://www.scielo.br/j/dilemas/?ilang=pt_BR,
2026-09-06,https://www.scielo.br/journals/alpha?ilang=pt_BR,eq,Eclética Química,indexacao_interrompida,,0,0100-4670; 1678-4618,0100-4670,1678-4618,Fundação Editora da Universidade Estadual Paulista Júlio de Mesquita Filho - UNESP,Ciências Exatas E Da Terra,https://www.scielo.br/j/eq/?ilang=pt_BR,
2026-09-06,https://www.scielo.br/journals/alpha?ilang=pt_BR,ecoa,Economia Aplicada,indexacao_interrompida,,0,1413-8050; 1980-5330,1413-8050,1980-5330,"Faculdade de Economia, Administração e Contabilidade de Ribeirão Preto da Universidade de São Paulo",Ciências Sociais Aplicadas,https://www.scielo.br/j/ecoa/?ilang=pt_BR,
2026-09-06,https://www.scielo.br/journals/alpha?ilang=pt_BR,ecos,Economia e Sociedade,corrente,,0,0104-0618; 1982-3533,0104-0618,1982-3533,"Instituto de Economia da Universidade Estadual de Campinas, Publicações, Revista Economia e Sociedade",Ciências Sociais Aplicadas,https://www.scielo.br/j/ecos/?ilang=pt_BR,
2026-09-06,https://www.scielo.br/journals/alpha?ilang=pt_BR,er,Educar em Revista,corrente,,0,0104-4060; 1984-0411,0104-4060,1984-0411,Setor de Educação da Universidade Federal do Paraná,Ciências Humanas,https://www.scielo.br/j/er/?ilang=pt_BR,
2026-09-06,https://www.scielo.br/journals/alpha?ilang=pt_BR,edufor,Educação & Formação (Fortaleza),corrente,,0,2448-3583,,2448-3583,"Universidade Estadual do Ceará, Programa de Pós-Graduação em Educação",Ciências Humanas,https://www.scielo.br/j/edufor/?ilang=pt_BR,
2026-09-06,https://www.scielo.br/journals/alpha?ilang=pt_BR,edreal,Educação & Realidade,corrente,,0,0100-3143; 2175-6236,0100-3143,2175-6236,Universidade Federal do Rio Grande do Sul - Faculdade de Educação,Ciências Humanas,https://www.scielo.br/j/edreal/?ilang=pt_BR,
2026-09-06,https://www.scielo.br/journals/alpha?ilang=pt_BR,es,Educação & Sociedade,corrente,,0,0101-7330; 1678-4626,,1678-4626,Centro de Estudos Educação e Sociedade - Cedes,Ciências Humanas,https://www.scielo.br/j/es/?ilang=pt_BR,
2026-09-06,https://www.scielo.br/journals/alpha?ilang=pt_BR,ep,Educação e Pesquisa,corrente,,0,1517-9702; 1678-4634,1517-9702,1678-4634,Faculdade de Educação da Universidade de São Paulo,Ciências Humanas,https://www.scielo.br/j/ep/?ilang=pt_BR,
2026-09-06,https://www.scielo.br/journals/alpha?ilang=pt_BR,edur,Educação em Revista,corrente,,0,0102-4698; 1982-6621,0102-4698,1982-6621,Faculdade de Educação da Universidade Federal de Minas Gerais,Ciências Humanas,https://www.scielo.br/j/edur/?ilang=pt_BR,
2026-09-06,https://www.scielo.br/journals/alpha?ilang=pt_BR,eins,einstein (São Paulo),corrente,,0,1679-4508; 2317-6385,1679-4508,2317-6385,Instituto Israelita de Ensino e Pesquisa Albert Einstein,Ciências Da Saúde,https://www.scielo.br/j/eins/?ilang=pt_BR,
2026-09-06,https://www.scielo.br/journals/alpha?ilang=pt_BR,epot,Eletrônica de Potência,corrente,,0,1414-8862; 1984-557X,1414-8862,1984-557X,Associação Brasileira de Eletrônica de Potência (SOBRAEP),Engenharias,https://www.scielo.br/j/epot/?ilang=pt_BR,
2026-09-06,https://www.scielo.br/journals/alpha?ilang=pt_BR,emquestao,Em Questão,corrente,,0,1807-8893; 1808-5245,1807-8893,1808-5245,Universidade Federal do Rio Grande do Sul,Ciências Sociais Aplicadas,https://www.scielo.br/j/emquestao/?ilang=pt_BR,
2026-09-06,https://www.scielo.br/journals/alpha?ilang=pt_BR,eb,Encontros Bibli,corrente,,0,1518-2924,,1518-2924,Universidade Federal de Santa Catarina,Ciências Sociais Aplicadas,https://www.scielo.br/j/eb/?ilang=pt_BR,
2026-09-06,https://www.scielo.br/journals/alpha?ilang=pt_BR,eagri,Engenharia Agrícola,corrente,,0,0100-6916; 1809-4430,0100-6916,1809-4430,Associação Brasileira de Engenharia Agrícola,Ciências Agrárias,https://www.scielo.br/j/eagri/?ilang=pt_BR,
2026-09-06,https://www.scielo.br/journals/alpha?ilang=pt_BR,esa,Engenharia Sanitaria e Ambiental,corrente,,0,1413-4152; 1809-4457,1413-4152,1809-4457,Associação Brasileira de Engenharia Sanitária e Ambiental - ABES,Engenharias,https://www.scielo.br/j/esa/?ilang=pt_BR,
2026-09-06,https://www.scielo.br/journals/alpha?ilang=pt_BR,epec,Ensaio Pesquisa em Educação em Ciências (Belo Horizonte),corrente,,0,1983-2117,,1983-2117,Faculdade de Educação da Universidade Federal de Minas Gerais,Ciências Humanas,https://www.scielo.br/j/epec/?ilang=pt_BR,
2026-09-06,https://www.scielo.br/journals/alpha?ilang=pt_BR,ensaio,Ensaio: Avaliação e Políticas Públicas em Educação,corrente,,0,0104-4036; 1809-4465,0104-4036,1809-4465,Fundação CESGRANRIO,Ciências Humanas,https://www.scielo.br/j/ensaio/?ilang=pt_BR,
2026-09-06,https://www.scielo.br/journals/alpha?ilang=pt_BR,ev,Entomología y Vectores,terminado,,0,0328-0381; 1980-5349,0328-0381,1980-5349,Editora Gama Filho,Ciências Biológicas,https://www.scielo.br/j/ev/?ilang=pt_BR,
2026-09-06,https://www.scielo.br/journals/alpha?ilang=pt_BR,ress,Epidemiologia e Serviços de Saúde,corrente,,0,1679-4974; 2237-9622,1679-4974,2237-9622,Secretaria de Vigilância em Saúde e Ambiente - Ministério da Saúde do Brasil,Ciências Da Saúde,https://www.scielo.br/j/ress/?ilang=pt_BR,
2026-09-06,https://www.scielo.br/journals/alpha?ilang=pt_BR,ean,Escola Anna Nery,corrente,,0,1414-8145; 2177-9465,1414-8145,2177-9465,Universidade Federal do Rio de Janeiro,Ciências Da Saúde,https://www.scielo.br/j/ean/?ilang=pt_BR,
2026-09-06,https://www.scielo.br/journals/alpha?ilang=pt_BR,eaa,Estudos Afro-Asiáticos,indexacao_interrompida,,0,0101-546X; 1678-4650,0101-546X,1678-4650,Universidade Cândido Mendes,Ciências Humanas,https://www.scielo.br/j/eaa/?ilang=pt_BR,
2026-09-06,https://www.scielo.br/journals/alpha?ilang=pt_BR,ea,Estudos Avançados,corrente,,0,0103-4014; 1806-9592,0103-4014,1806-9592,Instituto de Estudos Avançados da Universidade de São Paulo,Ciências Humanas,https://www.scielo.br/j/ea/?ilang=pt_BR,
2026-09-06,https://www.scielo.br/journals/alpha?ilang=pt_BR,elbc,Estudos de Literatura Brasileira Contemporânea,corrente,,0,1518-0158; 2316-4018,1518-0158,2316-4018,"Grupo de Estudos em Literatura Brasileira Contemporânea, Programa de Pós-Graduação em Literatura da Universidade de Brasília (UnB)","Lingüística, Letras E Artes",https://www.scielo.br/j/elbc/?ilang=pt_BR,
2026-09-06,https://www.scielo.br/journals/alpha?ilang=pt_BR,estpsi,Estudos de Psicologia (Campinas),corrente,,0,0103-166X; 1982-0275,0103-166X,1982-0275,"Programa de Pós-Graduação em Psicologia, Pontifícia Universidade Católica de Campinas",Ciências Humanas,https://www.scielo.br/j/estpsi/?ilang=pt_BR,
2026-09-06,https://www.scielo.br/journals/alpha?ilang=pt_BR,epsic,Estudos de Psicologia (Natal),indexacao_interrompida,,0,1413-294X; 1678-4669,,1678-4669,"Programa de Pós-graduação em Psicologia e do Programa de Pós-graduação em Psicobiologia, Universidade Federal do Rio Grande do Norte",Ciências Humanas,https://www.scielo.br/j/epsic/?ilang=pt_BR,
2026-09-06,https://www.scielo.br/journals/alpha?ilang=pt_BR,ee,Estudos Econômicos (São Paulo),corrente,,0,0101-4161; 1980-5357,0101-4161,1980-5357,"Departamento de Economia; Faculdade de Economia, Administração, Contabilidade e Atuária da Universidade de São Paulo (FEA-USP)",Ciências Sociais Aplicadas,https://www.scielo.br/j/ee/?ilang=pt_BR,
2026-09-06,https://www.scielo.br/journals/alpha?ilang=pt_BR,eh,Estudos Históricos (Rio de Janeiro),corrente,,0,0103-2186; 2178-1494,0103-2186,2178-1494,Centro de Pesquisa e Documentação de História Contemporânea do Brasil da Fundação Getúlio Vargas,Ciências Humanas,https://www.scielo.br/j/eh/?ilang=pt_BR,
2026-09-06,https://www.scielo.br/journals/alpha?ilang=pt_BR,fun,Filosofia Unisinos,corrente,,0,1984-8234,,1984-8234,Universidade do Vale do Rio dos Sinos - UNISINOS,Ciências Humanas,https://www.scielo.br/j/fun/?ilang=pt_BR,
2026-09-06,https://www.scielo.br/journals/alpha?ilang=pt_BR,fp,Fisioterapia e Pesquisa,corrente,,0,1809-2950; 2316-9117,1809-2950,2316-9117,Universidade de São Paulo,Ciências Da Saúde,https://www.scielo.br/j/fp/?ilang=pt_BR,
2026-09-06,https://www.scielo.br/journals/alpha?ilang=pt_BR,fm,Fisioterapia em Movimento,corrente,,0,0103-5150; 1980-5918,,1980-5918,Pontifícia Universidade Católica do Paraná,Ciências Da Saúde,https://www.scielo.br/j/fm/?ilang=pt_BR,
2026-09-06,https://www.scielo.br/journals/alpha?ilang=pt_BR,fb,Fitopatologia Brasileira,terminado,,0,0100-4158; 1678-4677,0100-4158,1678-4677,Sociedade Brasileira de Fitopatologia,Ciências Agrárias,https://www.scielo.br/j/fb/?ilang=pt_BR,
2026-09-06,https://www.scielo.br/journals/alpha?ilang=pt_BR,floram,Floresta e Ambiente,corrente,,0,1415-0980; 2179-8087,1415-0980,2179-8087,"Floresta e Ambiente - Instituto de Florestas, Universidade Federal Rural do Rio de Janeiro.",Ciências Agrárias,https://www.scielo.br/j/floram/?ilang=pt_BR,
2026-09-06,https://www.scielo.br/journals/alpha?ilang=pt_BR,cta,Food Science and Technology,indexacao_interrompida,,0,0101-2061; 1678-457X,0101-2061,1678-457X,Sociedade Brasileira de Ciência e Tecnologia de Alimentos,Ciências Agrárias,https://www.scielo.br/j/cta/?ilang=pt_BR,
2026-09-06,https://www.scielo.br/journals/alpha?ilang=pt_BR,fractal,Fractal: Revista de Psicologia,corrente,,0,1984-0292,,1984-0292,"Universidade Federal Fluminense, Departamento de Psicologia",Ciências Humanas,https://www.scielo.br/j/fractal/?ilang=pt_BR,
2026-09-06,https://www.scielo.br/journals/alpha?ilang=pt_BR,fruit,Fruit Crops Science Journal,corrente,,0,3085-8909,,3085-8909,Sociedade Brasileira de Fruticultura - SBF,Ciências Agrárias,https://www.scielo.br/j/fruit/?ilang=pt_BR,
2026-09-06,https://www.scielo.br/journals/alpha?ilang=pt_BR,gal,Galáxia (São Paulo),corrente,,0,1519-311X; 1982-2553,1519-311X,1982-2553,Programa de Pós-Graduação em Comunicação e Semiótica da Pontifícia Universidade Católica de São Paulo (PUC-SP),Ciências Sociais Aplicadas,https://www.scielo.br/j/gal/?ilang=pt_BR,
2026-09-06,https://www.scielo.br/journals/alpha?ilang=pt_BR,gmb,Genetics and Molecular Biology,corrente,,0,1415-4757; 1678-4685,1415-4757,1678-4685,Sociedade Brasileira de Genética,Ciências Biológicas,https://www.scielo.br/j/gmb/?ilang=pt_BR,
2026-09-06,https://www.scielo.br/journals/alpha?ilang=pt_BR,geop,Geopauta,corrente,,0,2594-5033,,2594-5033,UESB - Universidade Estadual do Sudoeste da Bahia,Ciências Humanas,https://www.scielo.br/j/geop/?ilang=pt_BR,
2026-09-06,https://www.scielo.br/journals/alpha?ilang=pt_BR,geo,GEOUSP,corrente,,0,2179-0892,,2179-0892,Universidade de São Paulo,Ciências Humanas,https://www.scielo.br/j/geo/?ilang=pt_BR,
2026-09-06,https://www.scielo.br/journals/alpha?ilang=pt_BR,gp,Gestão & Produção,corrente,,0,0104-530X; 1806-9649,0104-530X,1806-9649,Universidade Federal de São Carlos,Engenharias,https://www.scielo.br/j/gp/?ilang=pt_BR,
2026-09-06,https://www.scielo.br/journals/alpha?ilang=pt_BR,gragoata,Gragoatá,corrente,,0,1413-9073; 2358-4114,1413-9073,2358-4114,Programas de Pós-Graduação em Letras da Universidade Federal Fluminense (UFF),"Lingüística, Letras E Artes",https://www.scielo.br/j/gragoata/?ilang=pt_BR,
2026-09-06,https://www.scielo.br/journals/alpha?ilang=pt_BR,hi,Hansenologia Internationalis,corrente,,0,0100-3283; 1982-5161,0100-3283,1982-5161,Instituto Lauro de Souza Lima,Ciências Da Saúde,https://www.scielo.br/j/hi/?ilang=pt_BR,
2026-09-06,https://www.scielo.br/journals/alpha?ilang=pt_BR,htct,"Hematology, Transfusion and Cell Therapy",corrente,,0,2531-1379; 2531-1387,2531-1379,2531-1387,"Associação Brasileira de Hematologia, Hemoterapia e Terapia Celular (ABHH)",Ciências Da Saúde,https://www.scielo.br/j/htct/?ilang=pt_BR,
2026-09-06,https://www.scielo.br/journals/alpha?ilang=pt_BR,his,História (São Paulo),corrente,,0,0101-9074; 1980-4369,0101-9074,1980-4369,Universidade Estadual Paulista Julio de Mesquita Filho,Ciências Humanas,https://www.scielo.br/j/his/?ilang=pt_BR,
2026-09-06,https://www.scielo.br/journals/alpha?ilang=pt_BR,heduc,História da Educação,corrente,,0,1414-3518; 2236-3459,1414-3518,2236-3459,Associação Sul-Rio-Grandense de Pesquisadores em História da Educação,Ciências Humanas,https://www.scielo.br/j/heduc/?ilang=pt_BR,
2026-09-06,https://www.scielo.br/journals/alpha?ilang=pt_BR,hh,História da Historiografia,corrente,,0,1983-9928,,1983-9928,Sociedade Brasileira de Teoria e História da Historiografia (SBTHH),Ciências Humanas,https://www.scielo.br/j/hh/?ilang=pt_BR,
2026-09-06,https://www.scielo.br/journals/alpha?ilang=pt_BR,hcsm,"História, Ciências, Saúde-Manguinhos",corrente,,0,0104-5970; 1678-4758,0104-5970,1678-4758,"Casa de Oswaldo Cruz, Fundação Oswaldo Cruz","Ciências Da Saúde, Ciências Humanas",https://www.scielo.br/j/hcsm/?ilang=pt_BR,
2026-09-06,https://www.scielo.br/journals/alpha?ilang=pt_BR,hoehnea,Hoehnea,corrente,,0,0073-2877; 2236-8906,0073-2877,2236-8906,Instituto de Pesquisas Ambientais,Ciências Biológicas,https://www.scielo.br/j/hoehnea/?ilang=pt_BR,
2026-09-06,https://www.scielo.br/journals/alpha?ilang=pt_BR,ha,Horizontes Antropológicos,corrente,,0,0104-7183; 1806-9983,0104-7183,1806-9983,Programa de Pós-Graduação em Antropologia Social - IFCH-UFRGS,Ciências Humanas,https://www.scielo.br/j/ha/?ilang=pt_BR,
2026-09-06,https://www.scielo.br/journals/alpha?ilang=pt_BR,hb,Horticultura Brasileira,corrente,,0,0102-0536; 1806-9991,0102-0536,1806-9991,Associação Brasileira de Horticultura,Ciências Agrárias,https://www.scielo.br/j/hb/?ilang=pt_BR,
2026-09-06,https://www.scielo.br/journals/alpha?ilang=pt_BR,isz,Iheringia. Série Zoologia,indexacao_interrompida,,0,0073-4721; 1678-4766,0073-4721,1678-4766,Museu de Ciências Naturais,Ciências Biológicas,https://www.scielo.br/j/isz/?ilang=pt_BR,
2026-09-06,https://www.scielo.br/journals/alpha?ilang=pt_BR,ides,Ilha do Desterro,corrente,,0,0101-4846; 2175-8026,0101-4846,2175-8026,Universidade Federal de Santa Catarina,"Lingüística, Letras E Artes",https://www.scielo.br/j/ides/?ilang=pt_BR,
2026-09-06,https://www.scielo.br/journals/alpha?ilang=pt_BR,inter,Interações (Campo Grande),corrente,,0,1518-7012; 1984-042X,1518-7012,1984-042X,Universidade Católica Dom Bosco,"Ciências Sociais Aplicadas, Ciências Humanas",https://www.scielo.br/j/inter/?ilang=pt_BR,
2026-09-06,https://www.scielo.br/journals/alpha?ilang=pt_BR,interc,Intercom: Revista Brasileira de Ciências da Comunicação,corrente,,0,1809-5844; 1980-3508,1809-5844,1980-3508,Sociedade Brasileira de Estudos Interdisciplinares da Comunicação (INTERCOM),Ciências Sociais Aplicadas,https://www.scielo.br/j/interc/?ilang=pt_BR,
2026-09-06,https://www.scielo.br/journals/alpha?ilang=pt_BR,icse,"Interface - Comunicação, Saúde, Educação",corrente,,0,1414-3283; 1807-5762,1414-3283,1807-5762,UNESP,"Ciências Da Saúde, Ciências Humanas",https://www.scielo.br/j/icse/?ilang=pt_BR,
2026-09-06,https://www.scielo.br/journals/alpha?ilang=pt_BR,iao,International Archives of Otorhinolaryngology,corrente,,0,1809-4864; 1809-9777,1809-9777,1809-4864,Fundação Otorrinolaringologia,Ciências Da Saúde,https://www.scielo.br/j/iao/?ilang=pt_BR,
2026-09-06,https://www.scielo.br/journals/alpha?ilang=pt_BR,ibju,International braz j urol,corrente,,0,1677-5538; 1677-6119,1677-5538,1677-6119,Sociedade Brasileira de Urologia,Ciências Da Saúde,https://www.scielo.br/j/ibju/?ilang=pt_BR,
2026-09-06,https://www.scielo.br/journals/alpha?ilang=pt_BR,ijcs,International Journal of Cardiovascular Sciences,corrente,,0,2359-4802; 2359-5647,2359-4802,2359-5647,Sociedade Brasileira de Cardiologia,Ciências Da Saúde,https://www.scielo.br/j/ijcs/?ilang=pt_BR,
2026-09-06,https://www.scielo.br/journals/alpha?ilang=pt_BR,jistm,JISTEM - Journal of Information Systems and Technology Management,corrente,,0,1807-1775,,1807-1775,TECSI Laboratório de Tecnologia e Sistemas de Informação - FEA/USP,Ciências Sociais Aplicadas,https://www.scielo.br/j/jistm/?ilang=pt_BR,
2026-09-06,https://www.scielo.br/journals/alpha?ilang=pt_BR,jbpml,Jornal Brasileiro de Patologia e Medicina Laboratorial,indexacao_interrompida,,0,1676-2444; 1678-4774,1676-2444,1678-4774,"Sociedade Brasileira de Patologia Clínica,",Ciências Da Saúde,https://www.scielo.br/j/jbpml/?ilang=pt_BR,
2026-09-06,https://www.scielo.br/journals/alpha?ilang=pt_BR,jbpneu,Jornal Brasileiro de Pneumologia,terminado,,0,1806-3713; 1806-3756,,1806-3756,Sociedade Brasileira de Pneumologia e Tisiologia,Ciências Da Saúde,https://www.scielo.br/j/jbpneu/?ilang=pt_BR,
2026-09-06,https://www.scielo.br/journals/alpha?ilang=pt_BR,jbpsiq,Jornal Brasileiro de Psiquiatria,corrente,,0,0047-2085; 1982-0208,0047-2085,1982-0208,Instituto de Psiquiatria da Universidade Federal do Rio de Janeiro,Ciências Da Saúde,https://www.scielo.br/j/jbpsiq/?ilang=pt_BR,
2026-09-06,https://www.scielo.br/journals/alpha?ilang=pt_BR,jsbf,Jornal da Sociedade Brasileira de Fonoaudiologia,terminado,,0,2179-6491,,2179-6491,Sociedade Brasileira de Fonoaudiologia,Ciências Da Saúde,https://www.scielo.br/j/jsbf/?ilang=pt_BR,
2026-09-06,https://www.scielo.br/journals/alpha?ilang=pt_BR,jped,Jornal de Pediatria,corrente,,0,0021-7557; 1678-4782,0021-7557,1678-4782,Sociedade Brasileira de Pediatria,Ciências Da Saúde,https://www.scielo.br/j/jped/?ilang=pt_BR,
2026-09-06,https://www.scielo.br/journals/alpha?ilang=pt_BR,jpneu,Jornal de Pneumologia,terminado,,0,0102-3586; 1678-4642,0102-3586,1678-4642,Sociedade Brasileira de Pneumologia e Tisiologia,Ciências Da Saúde,https://www.scielo.br/j/jpneu/?ilang=pt_BR,
2026-09-06,https://www.scielo.br/journals/alpha?ilang=pt_BR,jvb,Jornal Vascular Brasileiro,corrente,,0,1677-5449; 1677-7301,1677-5449,1677-7301,Sociedade Brasileira de Angiologia e de Cirurgia Vascular (SBACV),Ciências Da Saúde,https://www.scielo.br/j/jvb/?ilang=pt_BR,
2026-09-06,https://www.scielo.br/journals/alpha?ilang=pt_BR,jatm,Journal of Aerospace Technology and Management,corrente,,0,2175-9146,,2175-9146,Departamento de Ciência e Tecnologia Aeroespacial,Engenharias,https://www.scielo.br/j/jatm/?ilang=pt_BR,
2026-09-06,https://www.scielo.br/journals/alpha?ilang=pt_BR,jaos,Journal of Applied Oral Science,corrente,,0,1678-7757; 1678-7765,1678-7757,1678-7765,Faculdade De Odontologia De Bauru - USP,Ciências Da Saúde,https://www.scielo.br/j/jaos/?ilang=pt_BR,
2026-09-06,https://www.scielo.br/journals/alpha?ilang=pt_BR,jcol,Journal of Coloproctology (Rio de Janeiro),corrente,,0,2237-9363; 2317-6423,2237-9363,2317-6423,Sociedade Brasileira de Coloproctologia,Ciências Da Saúde,https://www.scielo.br/j/jcol/?ilang=pt_BR,
2026-09-06,https://www.scielo.br/journals/alpha?ilang=pt_BR,jecn,Journal of Epilepsy and Clinical Neurophysiology,indexacao_interrompida,,0,1676-2649; 1980-5365,1676-2649,1980-5365,Liga Brasileira de Epilepsia (LBE),Ciências Da Saúde,https://www.scielo.br/j/jecn/?ilang=pt_BR,
2026-09-06,https://www.scielo.br/journals/alpha?ilang=pt_BR,jiems,Journal of Inborn Errors of Metabolism and Screening,corrente,,0,2326-4594,,2326-4594,Latin American Society Inborn Errors and Neonatal Screening (SLEIMPN); Instituto Genética para Todos (IGPT),Ciências Da Saúde,https://www.scielo.br/j/jiems/?ilang=pt_BR,
2026-09-06,https://www.scielo.br/journals/alpha?ilang=pt_BR,jmoea,"Journal of Microwaves, Optoelectronics and Electromagnetic Applications",corrente,,0,2179-1074,,2179-1074,Sociedade Brasileira de Microondas e Optoeletrônica e Sociedade Brasileira de Eletromagnetismo,Engenharias,https://www.scielo.br/j/jmoea/?ilang=pt_BR,
2026-09-06,https://www.scielo.br/journals/alpha?ilang=pt_BR,jpe,Journal of Physical Education,corrente,,0,2448-2455,,2448-2455,Universidade Estadual de Maringá,Ciências Da Saúde,https://www.scielo.br/j/jpe/?ilang=pt_BR,
2026-09-06,https://www.scielo.br/journals/alpha?ilang=pt_BR,jss,Journal of Seed Science,corrente,,0,2317-1537; 2317-1545,2317-1537,2317-1545,ABRATES - Associação Brasileira de Tecnologia de Sementes,Ciências Agrárias,https://www.scielo.br/j/jss/?ilang=pt_BR,
2026-09-06,https://www.scielo.br/journals/alpha?ilang=pt_BR,jbchs,Journal of the Brazilian Chemical Society,corrente,,0,0103-5053; 1678-4790,0103-5053,1678-4790,Sociedade Brasileira de Química,Ciências Exatas E Da Terra,https://www.scielo.br/j/jbchs/?ilang=pt_BR,
2026-09-06,https://www.scielo.br/journals/alpha?ilang=pt_BR,jbcos,Journal of the Brazilian Computer Society,indexacao_interrompida,,0,0104-6500; 1678-4804,0104-6500,1678-4804,Sociedade Brasileira de Computação,Ciências Exatas E Da Terra,https://www.scielo.br/j/jbcos/?ilang=pt_BR,
2026-09-06,https://www.scielo.br/journals/alpha?ilang=pt_BR,jbsms,Journal of the Brazilian Society of Mechanical Sciences,terminado,,0,0100-7386,0100-7386,,The Brazilian Society of Mechanical Sciences,"Engenharias, Ciências Exatas E Da Terra",https://www.scielo.br/j/jbsms/?ilang=pt_BR,
2026-09-06,https://www.scielo.br/journals/alpha?ilang=pt_BR,jbsmse,Journal of the Brazilian Society of Mechanical Sciences and Engineering,indexacao_interrompida,,0,1678-5878; 1806-3691,1678-5878,1806-3691,Associação Brasileira de Engenharia e Ciências Mecânicas - ABCM,"Engenharias, Ciências Exatas E Da Terra",https://www.scielo.br/j/jbsmse/?ilang=pt_BR,
2026-09-06,https://www.scielo.br/journals/alpha?ilang=pt_BR,jtl,Journal of Transport Literature,indexacao_interrompida,,0,2238-1031,,2238-1031,Sociedade Brasileira de Planejamento dos Transportes,Engenharias,https://www.scielo.br/j/jtl/?ilang=pt_BR,
2026-09-06,https://www.scielo.br/journals/alpha?ilang=pt_BR,jvat,Journal of Venomous Animals and Toxins,terminado,,0,0104-7930; 1678-4936,0104-7930,1678-4936,"Centro de Estudos de Venenos e Animais Peçonhentos - CEVAP, Universidade Estadual Paulista - UNESP","Ciências Agrárias, Ciências Biológicas",https://www.scielo.br/j/jvat/?ilang=pt_BR,
2026-09-06,https://www.scielo.br/journals/alpha?ilang=pt_BR,jvatitd,Journal of Venomous Animals and Toxins including Tropical Diseases,corrente,,0,1678-9199,,1678-9199,Centro de Estudos de Venenos e Animais Peçonhentos (CEVAP/UNESP),"Ciências Agrárias, Ciências Biológicas, Ciências Da Saúde",https://www.scielo.br/j/jvatitd/?ilang=pt_BR,
2026-09-06,https://www.scielo.br/journals/alpha?ilang=pt_BR,kr,Kriterion: Revista de Filosofia,corrente,,0,0100-512X; 1981-5336,0100-512X,1981-5336,Faculdade de Filosofia e Ciências Humanas da UFMG,Ciências Humanas,https://www.scielo.br/j/kr/?ilang=pt_BR,
2026-09-06,https://www.scielo.br/journals/alpha?ilang=pt_BR,lajss,Latin American Journal of Solids and Structures,corrente,,0,1679-7817; 1679-7825,1679-7817,1679-7825,Individual owner,Engenharias,https://www.scielo.br/j/lajss/?ilang=pt_BR,
2026-09-06,https://www.scielo.br/journals/alpha?ilang=pt_BR,lh,Letras de Hoje,indexacao_interrompida,,0,0101-3335; 1984-7726,0101-3335,1984-7726,EDIPUCRS,"Lingüística, Letras E Artes",https://www.scielo.br/j/lh/?ilang=pt_BR,
2026-09-06,https://www.scielo.br/journals/alpha?ilang=pt_BR,ld,Linguagem em (Dis)curso,corrente,,0,1518-7632; 1982-4017,,1982-4017,Universidade do Sul de Santa Catarina,"Lingüística, Letras E Artes",https://www.scielo.br/j/ld/?ilang=pt_BR,
2026-09-06,https://www.scielo.br/journals/alpha?ilang=pt_BR,ln,Lua Nova: Revista de Cultura e Política,corrente,,0,0102-6445; 1807-0175,0102-6445,1807-0175,CEDEC,Ciências Humanas,https://www.scielo.br/j/ln/?ilang=pt_BR,
2026-09-06,https://www.scielo.br/journals/alpha?ilang=pt_BR,mael,Machado de Assis em Linha,indexacao_interrompida,,0,1983-6821,,1983-6821,"Universidade de São Paulo - Faculdade de Filosofia, Letras e Ciências Humanas","Lingüística, Letras E Artes",https://www.scielo.br/j/mael/?ilang=pt_BR,
2026-09-06,https://www.scielo.br/journals/alpha?ilang=pt_BR,mana,Mana,corrente,,0,0104-9313; 1678-4944,0104-9313,1678-4944,"Programa de Pós-Graduação em Antropologia Social - PPGAS-Museu Nacional, da Universidade Federal do Rio de Janeiro - UFRJ",Ciências Humanas,https://www.scielo.br/j/mana/?ilang=pt_BR,
2026-09-06,https://www.scielo.br/journals/alpha?ilang=pt_BR,man,Manuscrito,corrente,,0,0100-6045; 2317-630X,0100-6045,2317-630X,"UNICAMP - Universidade Estadual de Campinas, Centro de Lógica, Epistemologia e História da Ciência",Ciências Humanas,https://www.scielo.br/j/man/?ilang=pt_BR,
2026-09-06,https://www.scielo.br/journals/alpha?ilang=pt_BR,mr,Materials Research,corrente,,0,1516-1439; 1980-5373,1516-1439,1980-5373,"ABM, ABC, ABPol",Engenharias,https://www.scielo.br/j/mr/?ilang=pt_BR,
2026-09-06,https://www.scielo.br/journals/alpha?ilang=pt_BR,rmat,Matéria (Rio de Janeiro),corrente,,0,1517-7076,,1517-7076,"Laboratório de Hidrogênio, Coppe - Universidade Federal do Rio de Janeiro, em cooperação com a Associação Brasileira do Hidrogênio, ABH2",Engenharias,https://www.scielo.br/j/rmat/?ilang=pt_BR,
2026-09-06,https://www.scielo.br/journals/alpha?ilang=pt_BR,mediacoes,Mediações,corrente,,0,2176-6665,,2176-6665,Universidade Estadual de Londrina,Ciências Humanas,https://www.scielo.br/j/mediacoes/?ilang=pt_BR,
2026-09-06,https://www.scielo.br/journals/alpha?ilang=pt_BR,medical,MedicalExpress,terminado,,0,2318-8111; 2358-0429,2318-8111,2358-0429,Mavera Edições Técnicas e Científicas Ltda,Ciências Da Saúde,https://www.scielo.br/j/medical/?ilang=pt_BR,
2026-09-06,https://www.scielo.br/journals/alpha?ilang=pt_BR,mioc,Memórias do Instituto Oswaldo Cruz,corrente,,0,0074-0276; 1678-8060,0074-0276,1678-8060,"Instituto Oswaldo Cruz, Ministério da Saúde","Ciências Biológicas, Ciências Da Saúde",https://www.scielo.br/j/mioc/?ilang=pt_BR,
2026-09-06,https://www.scielo.br/journals/alpha?ilang=pt_BR,mercator,Mercator (Fortaleza),corrente,,0,1676-8329; 1984-2201,1676-8329,1984-2201,Universidade Federal do Ceará,Ciências Humanas,https://www.scielo.br/j/mercator/?ilang=pt_BR,
2026-09-06,https://www.scielo.br/journals/alpha?ilang=pt_BR,motriz,Motriz: Revista de Educação Física,indexacao_interrompida,,0,1980-6574,,1980-6574,Universidade Estadual Paulista,Ciências Da Saúde,https://www.scielo.br/j/motriz/?ilang=pt_BR,
2026-09-06,https://www.scielo.br/journals/alpha?ilang=pt_BR,mov,Movimento,corrente,,0,0104-754X; 1982-8918,0104-754X,1982-8918,Universidade Federal do Rio Grande do Sul,"Ciências Da Saúde, Ciências Humanas",https://www.scielo.br/j/mov/?ilang=pt_BR,
2026-09-06,https://www.scielo.br/journals/alpha?ilang=pt_BR,nau,Nauplius,corrente,,0,0104-6497; 2358-2936,,2358-2936,Sociedade Brasileira de Carcinologia,Ciências Biológicas,https://www.scielo.br/j/nau/?ilang=pt_BR,
2026-09-06,https://www.scielo.br/journals/alpha?ilang=pt_BR,ne,Neotropical Entomology,indexacao_interrompida,,0,1519-566X; 1678-8052,1519-566X,1678-8052,Sociedade Entomológica do Brasil,Ciências Biológicas,https://www.scielo.br/j/ne/?ilang=pt_BR,
2026-09-06,https://www.scielo.br/journals/alpha?ilang=pt_BR,ni,Neotropical Ichthyology,corrente,,0,1679-6225; 1982-0224,1679-6225,1982-0224,Sociedade Brasileira de Ictiologia,Ciências Biológicas,https://www.scielo.br/j/ni/?ilang=pt_BR,
2026-09-06,https://www.scielo.br/journals/alpha?ilang=pt_BR,neco,Nova Economia,corrente,,0,0103-6351; 1980-5381,0103-6351,1980-5381,Nova Economia,Ciências Sociais Aplicadas,https://www.scielo.br/j/neco/?ilang=pt_BR,
2026-09-06,https://www.scielo.br/journals/alpha?ilang=pt_BR,nec,Novos estudos CEBRAP,corrente,,0,0101-3300; 1980-5403,0101-3300,1980-5403,Centro Brasileiro de Análise e Planejamento,Ciências Humanas,https://www.scielo.br/j/nec/?ilang=pt_BR,
2026-09-06,https://www.scielo.br/journals/alpha?ilang=pt_BR,ocr,Ocean and Coastal Research,corrente,,0,2675-2824,,2675-2824,Instituto Oceanográfico da Universidade de São Paulo,Ciências Exatas E Da Terra,https://www.scielo.br/j/ocr/?ilang=pt_BR,
2026-09-06,https://www.scielo.br/journals/alpha?ilang=pt_BR,op,Opinião Pública,corrente,,0,0104-6276; 1807-0191,0104-6276,1807-0191,Centro de Estudos de Opinião Pública da Universidade Estadual de Campinas,Ciências Humanas,https://www.scielo.br/j/op/?ilang=pt_BR,
2026-09-06,https://www.scielo.br/journals/alpha?ilang=pt_BR,opus,Opus (Associação Nacional de Pesquisa e Pós-Graduação em Música),corrente,,0,0103-7412; 1517-7017,0103-7412,1517-7017,"Associação Nacional de Pesquisa e Pós-Graduação em Música, ANPPOM","Lingüística, Letras E Artes",https://www.scielo.br/j/opus/?ilang=pt_BR,
2026-09-06,https://www.scielo.br/journals/alpha?ilang=pt_BR,osoc,Organizações & Sociedade,corrente,,0,1413-585X; 1984-9230,1413-585X,1984-9230,Escola de Administração da Universidade Federal da Bahia,Ciências Sociais Aplicadas,https://www.scielo.br/j/osoc/?ilang=pt_BR,
2026-09-06,https://www.scielo.br/journals/alpha?ilang=pt_BR,oh,Ornamental Horticulture,corrente,,0,2447-536X,,2447-536X,Sociedade Brasileira de Floricultura e Plantas Ornamentais,Ciências Agrárias,https://www.scielo.br/j/oh/?ilang=pt_BR,
2026-09-06,https://www.scielo.br/journals/alpha?ilang=pt_BR,paideia,Paidéia (Ribeirão Preto),corrente,,0,0103-863X; 1982-4327,0103-863X,1982-4327,"Universidade de São Paulo, Faculdade de Filosofia Ciências e Letras de Ribeirão Preto, Programa de Pós-Graduação em Psicologia",Ciências Humanas,https://www.scielo.br/j/paideia/?ilang=pt_BR,
2026-09-06,https://www.scielo.br/journals/alpha?ilang=pt_BR,pg,Pandaemonium Germanicum,corrente,,0,1414-1906; 1982-8837,1414-1906,1982-8837,"Universidade de São Paulo | Faculdade de Filosofia, Letras e Ciências Humanas | Departamento de Letras Modernas | Área de Lingua e Literatura Alemã","Lingüística, Letras E Artes",https://www.scielo.br/j/pg/?ilang=pt_BR,
2026-09-06,https://www.scielo.br/journals/alpha?ilang=pt_BR,paz,Papéis Avulsos de Zoologia,corrente,,0,0031-1049; 1807-0205,0031-1049,1807-0205,Museu de Zoologia da Universidade de São Paulo,Ciências Biológicas,https://www.scielo.br/j/paz/?ilang=pt_BR,
2026-09-06,https://www.scielo.br/journals/alpha?ilang=pt_BR,pm,Per Musi,corrente,,0,1517-7599; 2317-6377,1517-7599,2317-6377,Escola de Música da UFMG,"Lingüística, Letras E Artes",https://www.scielo.br/j/pm/?ilang=pt_BR,
2026-09-06,https://www.scielo.br/journals/alpha?ilang=pt_BR,pteo,Perspectiva Teológica,corrente,,0,0102-4469; 2176-8757,0102-4469,2176-8757,Faculdade Jesuíta de Filosofia e Teologia (FAJE),Ciências Humanas,https://www.scielo.br/j/pteo/?ilang=pt_BR,
2026-09-06,https://www.scielo.br/journals/alpha?ilang=pt_BR,pci,Perspectivas em Ciência da Informação,corrente,,0,1413-9936; 1981-5344,1413-9936,1981-5344,Escola de Ciência da Informação da UFMG,Ciências Sociais Aplicadas,https://www.scielo.br/j/pci/?ilang=pt_BR,
2026-09-06,https://www.scielo.br/journals/alpha?ilang=pt_BR,pab,Pesquisa Agropecuária Brasileira,corrente,,0,0100-204X; 1678-3921,0100-204X,1678-3921,Embrapa Secretaria de Pesquisa e Desenvolvimento; Pesquisa Agropecuária Brasileira,Ciências Agrárias,https://www.scielo.br/j/pab/?ilang=pt_BR,
2026-09-06,https://www.scielo.br/journals/alpha?ilang=pt_BR,pat,Pesquisa Agropecuária Tropical,corrente,,0,1517-6398; 1983-4063,1517-6398,1983-4063,Escola de Agronomia/UFG,Ciências Agrárias,https://www.scielo.br/j/pat/?ilang=pt_BR,
2026-09-06,https://www.scielo.br/journals/alpha?ilang=pt_BR,pboci,Pesquisa Brasileira em Odontopediatria e Clínica Integrada,corrente,,0,1519-0501; 1983-4632,1519-0501,1983-4632,Associação de Apoio à Pesquisa em Saúde Bucal,Ciências Da Saúde,https://www.scielo.br/j/pboci/?ilang=pt_BR,
2026-09-06,https://www.scielo.br/journals/alpha?ilang=pt_BR,pob,Pesquisa Odontológica Brasileira,terminado,,0,1517-7491,1517-7491,,Sociedade Brasileira de Pesquisa Odontológica e Faculdade de Odontologia da Universidade de São Paulo,Ciências Da Saúde,https://www.scielo.br/j/pob/?ilang=pt_BR,
2026-09-06,https://www.scielo.br/journals/alpha?ilang=pt_BR,pope,Pesquisa Operacional,corrente,,0,0101-7438; 1678-5142,0101-7438,1678-5142,Sociedade Brasileira de Pesquisa Operacional,Engenharias,https://www.scielo.br/j/pope/?ilang=pt_BR,
2026-09-06,https://www.scielo.br/journals/alpha?ilang=pt_BR,pvb,Pesquisa Veterinária Brasileira,corrente,,0,0100-736X; 1678-5150,0100-736X,1678-5150,Colégio Brasileiro de Patologia Animal - CBPA,Ciências Agrárias,https://www.scielo.br/j/pvb/?ilang=pt_BR,
2026-09-06,https://www.scielo.br/journals/alpha?ilang=pt_BR,physis,Physis: Revista de Saúde Coletiva,corrente,,0,0103-7331; 1809-4481,0103-7331,1809-4481,PHYSIS - Revista de Saúde Coletiva,"Ciências Da Saúde, Ciências Humanas",https://www.scielo.br/j/physis/?ilang=pt_BR,
2026-09-06,https://www.scielo.br/journals/alpha?ilang=pt_BR,pd,Planta Daninha,terminado,,0,0100-8358; 1806-9681,0100-8358,1806-9681,Sociedade Brasileira da Ciência das Plantas Daninhas,Ciências Agrárias,https://www.scielo.br/j/pd/?ilang=pt_BR,
2026-09-06,https://www.scielo.br/journals/alpha?ilang=pt_BR,po,Polímeros,corrente,,0,0104-1428; 1678-5169,0104-1428,1678-5169,Associação Brasileira de Polímeros,Engenharias,https://www.scielo.br/j/po/?ilang=pt_BR,
2026-09-06,https://www.scielo.br/journals/alpha?ilang=pt_BR,pp,Pro-Posições,corrente,,0,0103-7307; 1980-6248,,1980-6248,UNICAMP - Faculdade de Educação,Ciências Humanas,https://www.scielo.br/j/pp/?ilang=pt_BR,
2026-09-06,https://www.scielo.br/journals/alpha?ilang=pt_BR,prod,Production,corrente,,0,0103-6513; 1980-5411,0103-6513,1980-5411,Associação Brasileira de Engenharia de Produção,Engenharias,https://www.scielo.br/j/prod/?ilang=pt_BR,
2026-09-06,https://www.scielo.br/journals/alpha?ilang=pt_BR,pfono,Pró-Fono Revista de Atualização Científica,terminado,,0,0104-5687,0104-5687,,Pró-Fono Produtos Especializados para Fonoaudiologia Ltda.,Ciências Da Saúde,https://www.scielo.br/j/pfono/?ilang=pt_BR,
2026-09-06,https://www.scielo.br/journals/alpha?ilang=pt_BR,pusf,Psico-USF,corrente,,0,1413-8271; 2175-3563,1413-8271,2175-3563,"Universidade de São Francisco, Programa de Pós-Graduação Stricto Sensu em Psicologia",Ciências Humanas,https://www.scielo.br/j/pusf/?ilang=pt_BR,
2026-09-06,https://www.scielo.br/journals/alpha?ilang=pt_BR,psoc,Psicologia & Sociedade,corrente,,0,0102-7182; 1807-0310,,1807-0310,Associação Brasileira de Psicologia Social,Ciências Humanas,https://www.scielo.br/j/psoc/?ilang=pt_BR,
2026-09-06,https://www.scielo.br/journals/alpha?ilang=pt_BR,pc,Psicologia Clínica,indexacao_interrompida,,0,0103-5665; 1980-5438,0103-5665,1980-5438,Departamento de Psicologia da Pontifícia Universidade Católica do Rio de Janeiro,Ciências Humanas,https://www.scielo.br/j/pc/?ilang=pt_BR,
2026-09-06,https://www.scielo.br/journals/alpha?ilang=pt_BR,pe,Psicologia em Estudo,corrente,,0,1413-7372; 1807-0329,1413-7372,1807-0329,Universidade Estadual de Maringá,Ciências Humanas,https://www.scielo.br/j/pe/?ilang=pt_BR,
2026-09-06,https://www.scielo.br/journals/alpha?ilang=pt_BR,pee,Psicologia Escolar e Educacional,corrente,,0,1413-8557; 2175-3539,,2175-3539,Associação Brasileira de Psicologia Escolar e Educacional (ABRAPEE),Ciências Humanas,https://www.scielo.br/j/pee/?ilang=pt_BR,
2026-09-06,https://www.scielo.br/journals/alpha?ilang=pt_BR,pusp,Psicologia USP,corrente,,0,0103-6564; 1678-5177,0103-6564,1678-5177,Instituto de Psicologia da Universidade de São Paulo,Ciências Humanas,https://www.scielo.br/j/pusp/?ilang=pt_BR,
2026-09-06,https://www.scielo.br/journals/alpha?ilang=pt_BR,pcp,Psicologia: Ciência e Profissão,corrente,,0,1414-9893; 1982-3703,1414-9893,1982-3703,Conselho Federal de Psicologia,Ciências Humanas,https://www.scielo.br/j/pcp/?ilang=pt_BR,
2026-09-06,https://www.scielo.br/journals/alpha?ilang=pt_BR,prc,Psicologia: Reflexão e Crítica,corrente,,0,0102-7972; 1678-7153,0102-7972,1678-7153,Curso de Pós-Graduação em Psicologia da Universidade Federal do Rio Grande do Sul,Ciências Humanas,https://www.scielo.br/j/prc/?ilang=pt_BR,
2026-09-06,https://www.scielo.br/journals/alpha?ilang=pt_BR,ptp,Psicologia: Teoria e Pesquisa,corrente,,0,0102-3772; 1806-3446,0102-3772,1806-3446,"Instituto de Psicologia, Universidade de Brasília",Ciências Humanas,https://www.scielo.br/j/ptp/?ilang=pt_BR,
2026-09-06,https://www.scielo.br/journals/alpha?ilang=pt_BR,pn,Psychology & Neuroscience,indexacao_interrompida,,0,1983-3288; 1984-3054,1984-3054,1983-3288,"Pontificia Universidade Católica do Rio de Janeiro, Universidade de Brasília, Universidade de São Paulo","Ciências Da Saúde, Ciências Humanas",https://www.scielo.br/j/pn/?ilang=pt_BR,
2026-09-06,https://www.scielo.br/journals/alpha?ilang=pt_BR,qn,Química Nova,corrente,,0,0100-4042; 1678-7064,0100-4042,1678-7064,Sociedade Brasileira de Química,Ciências Exatas E Da Terra,https://www.scielo.br/j/qn/?ilang=pt_BR,
2026-09-06,https://www.scielo.br/journals/alpha?ilang=pt_BR,rb,Radiologia Brasileira,corrente,,0,0100-3984; 1678-7099,,1678-7099,Publicação do Colégio Brasileiro de Radiologia e Diagnóstico por Imagem,Ciências Da Saúde,https://www.scielo.br/j/rb/?ilang=pt_BR,
2026-09-06,https://www.scielo.br/journals/alpha?ilang=pt_BR,raeel,RAE eletrônica,terminado,,0,1676-5648,,1676-5648,Fundação Getulio Vargas/Escola de Administração de Empresas de São Paulo,Ciências Sociais Aplicadas,https://www.scielo.br/j/raeel/?ilang=pt_BR,
2026-09-06,https://www.scielo.br/journals/alpha?ilang=pt_BR,ram,RAM. Revista de Administração Mackenzie,corrente,,0,1678-6971,,1678-6971,Editora Mackenzie; Universidade Presbiteriana Mackenzie,Ciências Sociais Aplicadas,https://www.scielo.br/j/ram/?ilang=pt_BR,
2026-09-06,https://www.scielo.br/journals/alpha?ilang=pt_BR,rmj,RAUSP Management Journal,corrente,,0,2531-0488,,2531-0488,Universidade de São Paulo,Ciências Sociais Aplicadas,https://www.scielo.br/j/rmj/?ilang=pt_BR,
2026-09-06,https://www.scielo.br/journals/alpha?ilang=pt_BR,rbrh,RBRH,corrente,,0,1414-381X; 2318-0331,1414-381X,2318-0331,Associação Brasileira de Recursos Hídricos,Engenharias,https://www.scielo.br/j/rbrh/?ilang=pt_BR,
2026-09-06,https://www.scielo.br/journals/alpha?ilang=pt_BR,rdbci,RDBCI: Revista Digital de Biblioteconomia e Ciência da Informação,corrente,,0,1678-765X,1678-765X,1678-765X,Universidade Estadual de Campinas,Ciências Sociais Aplicadas,https://www.scielo.br/j/rdbci/?ilang=pt_BR,
2026-09-06,https://www.scielo.br/journals/alpha?ilang=pt_BR,read,REAd. Revista Eletrônica de Administração (Porto Alegre),corrente,,0,1413-2311; 1980-4164,1980-4164,1413-2311,Escola de Administração da UFRGS,Ciências Sociais Aplicadas,https://www.scielo.br/j/read/?ilang=pt_BR,
2026-09-06,https://www.scielo.br/journals/alpha?ilang=pt_BR,regepe,REGEPE Entrepreneurship and Small Business Journal,corrente,,0,2965-1506,,2965-1506,Associação Nacional de Estudos em Empreendedorismo e Gestão de Pequenas Empresas (ANEGEPE),Ciências Sociais Aplicadas,https://www.scielo.br/j/regepe/?ilang=pt_BR,
2026-09-06,https://www.scielo.br/journals/alpha?ilang=pt_BR,rs,Religião & Sociedade,corrente,,0,0100-8587; 1984-0438,,1984-0438,Instituto de Estudos da Religião,Ciências Humanas,https://www.scielo.br/j/rs/?ilang=pt_BR,
2026-09-06,https://www.scielo.br/journals/alpha?ilang=pt_BR,remi,REM - International Engineering Journal,corrente,,0,2448-167X,,2448-167X,Fundação Gorceix,Engenharias,https://www.scielo.br/j/remi/?ilang=pt_BR,
2026-09-06,https://www.scielo.br/journals/alpha?ilang=pt_BR,rem,Rem: Revista Escola de Minas,terminado,,0,0370-4467; 1807-0353,0370-4467,1807-0353,Escola de Minas,Engenharias,https://www.scielo.br/j/rem/?ilang=pt_BR,
2026-09-06,https://www.scielo.br/journals/alpha?ilang=pt_BR,remhu,REMHU: Revista Interdisciplinar da Mobilidade Humana,corrente,,0,1980-8585; 2237-9843,1980-8585,2237-9843,Centro Scalabriniano de Estudos Migratórios,"Ciências Sociais Aplicadas, Ciências Humanas",https://www.scielo.br/j/remhu/?ilang=pt_BR,
2026-09-06,https://www.scielo.br/journals/alpha?ilang=pt_BR,reng,Research on Biomedical Engineering,terminado,,0,2446-4732; 2446-4740,2446-4732,2446-4740,Sociedade Brasileira de Engenharia Biomédica,Engenharias,https://www.scielo.br/j/reng/?ilang=pt_BR,
2026-09-06,https://www.scielo.br/journals/alpha?ilang=pt_BR,rrcp,Respiratory Research & Clinical Practice,corrente,,0,3086-3910,,3086-3910,Sociedade Brasileira de Pneumologia e Tisiologia - SBPT,Ciências Da Saúde,https://www.scielo.br/j/rrcp/?ilang=pt_BR,
2026-09-06,https://www.scielo.br/journals/alpha?ilang=pt_BR,ambiagua,Revista Ambiente & Água,corrente,,0,1980-993X,,1980-993X,Instituto de Pesquisas Ambientais em Bacias Hidrográficas,"Ciências Agrárias, Ciências Biológicas",https://www.scielo.br/j/ambiagua/?ilang=pt_BR,
2026-09-06,https://www.scielo.br/journals/alpha?ilang=pt_BR,archai,Revista Archai,corrente,,0,1984-249X; 2179-4960,2179-4960,1984-249X,Universidade de Brasília / Imprensa da Universidade de Coimbra,Ciências Humanas,https://www.scielo.br/j/archai/?ilang=pt_BR,
2026-09-06,https://www.scielo.br/journals/alpha?ilang=pt_BR,bioet,Revista Bioética,corrente,,0,1983-8034; 1983-8042,1983-8042,1983-8034,Conselho Federal de Medicina,"Ciências Da Saúde, Ciências Humanas",https://www.scielo.br/j/bioet/?ilang=pt_BR,
2026-09-06,https://www.scielo.br/journals/alpha?ilang=pt_BR,rba,Revista Brasileira de Anestesiologia,terminado,,0,0034-7094; 1806-907X,0034-7094,1806-907X,Sociedade Brasileira de Anestesiologia,Ciências Da Saúde,https://www.scielo.br/j/rba/?ilang=pt_BR,
2026-09-06,https://www.scielo.br/journals/alpha?ilang=pt_BR,rbafs,Revista Brasileira de Atividade Física e Saúde,corrente,,0,2317-1634,,2317-1634,Sociedade Brasileira de Atividade Física e Saúde,Ciências Da Saúde,https://www.scielo.br/j/rbafs/?ilang=pt_BR,
2026-09-06,https://www.scielo.br/journals/alpha?ilang=pt_BR,rbbio,Revista Brasileira de Biologia,terminado,,0,0034-7108,0034-7108,,Instituto Internacional de Ecologia,Ciências Biológicas,https://www.scielo.br/j/rbbio/?ilang=pt_BR,
2026-09-06,https://www.scielo.br/journals/alpha?ilang=pt_BR,rbcan,Revista Brasileira de Cancerologia,corrente,,0,2176-9745,,2176-9745,Instituto Nacional de Câncer,Ciências Da Saúde,https://www.scielo.br/j/rbcan/?ilang=pt_BR,
2026-09-06,https://www.scielo.br/journals/alpha?ilang=pt_BR,rbci,Revista Brasileira de Cardiologia Invasiva,indexacao_interrompida,,0,0104-1843; 2179-8397,0104-1843,2179-8397,Sociedade Brasileira de Hemodinâmica e Cardiologia Intervencionista - SBHCI,Ciências Da Saúde,https://www.scielo.br/j/rbci/?ilang=pt_BR,
2026-09-06,https://www.scielo.br/journals/alpha?ilang=pt_BR,rbcdh,Revista Brasileira de Cineantropometria & Desempenho Humano,corrente,,0,1415-8426; 1980-0037,1415-8426,1980-0037,Universidade Federal de Santa Catarina,Ciências Da Saúde,https://www.scielo.br/j/rbcdh/?ilang=pt_BR,
2026-09-06,https://www.scielo.br/journals/alpha?ilang=pt_BR,rbcp,Revista Brasileira de Cirurgia Plástica,corrente,,0,1983-5175; 2177-1235,1983-5175,2177-1235,Sociedade Brasileira de Cirurgia Plástica,Ciências Da Saúde,https://www.scielo.br/j/rbcp/?ilang=pt_BR,
2026-09-06,https://www.scielo.br/journals/alpha?ilang=pt_BR,rbcs,Revista Brasileira de Ciência do Solo,corrente,,0,0100-0683; 1806-9657,,1806-9657,Sociedade Brasileira de Ciência do Solo,Ciências Agrárias,https://www.scielo.br/j/rbcs/?ilang=pt_BR,
2026-09-06,https://www.scielo.br/journals/alpha?ilang=pt_BR,rbcpol,Revista Brasileira de Ciência Política,corrente,,0,0103-3352; 2178-4884,0103-3352,2178-4884,Universidade de Brasília. Instituto de Ciência Política,Ciências Humanas,https://www.scielo.br/j/rbcpol/?ilang=pt_BR,
2026-09-06,https://www.scielo.br/journals/alpha?ilang=pt_BR,rbce,Revista Brasileira de Ciências do Esporte,corrente,,0,0101-3289; 2179-3255,0101-3289,2179-3255,Colégio Brasileiro de Ciências do Esporte (CBCE),Ciências Da Saúde,https://www.scielo.br/j/rbce/?ilang=pt_BR,
2026-09-06,https://www.scielo.br/journals/alpha?ilang=pt_BR,rbcf,Revista Brasileira de Ciências Farmacêuticas,terminado,,0,1516-9332,1516-9332,,Divisão de Biblioteca e Documentação do Conjunto das Químicas da Universidade de São Paulo,Ciências Da Saúde,https://www.scielo.br/j/rbcf/?ilang=pt_BR,
2026-09-06,https://www.scielo.br/journals/alpha?ilang=pt_BR,rbcsoc,Revista Brasileira de Ciências Sociais,corrente,,0,0102-6909; 1806-9053,0102-6909,1806-9053,Associação Nacional de Pós-Graduação e Pesquisa em Ciências Sociais - ANPOCS,Ciências Humanas,https://www.scielo.br/j/rbcsoc/?ilang=pt_BR,
2026-09-06,https://www.scielo.br/journals/alpha?ilang=pt_BR,rbc,Revista Brasileira de Coloproctologia,terminado,,0,0101-9880,,0101-9880,Cidade Editora Científica Ltda,Ciências Da Saúde,https://www.scielo.br/j/rbc/?ilang=pt_BR,
2026-09-06,https://www.scielo.br/journals/alpha?ilang=pt_BR,rbdpp,Revista Brasileira de Direito Processual Penal,corrente,,0,2359-3881; 2525-510X,2359-3881,2525-510X,Instituto Brasileiro de Direito Processual Penal,Ciências Sociais Aplicadas,https://www.scielo.br/j/rbdpp/?ilang=pt_BR,
2026-09-06,https://www.scielo.br/journals/alpha?ilang=pt_BR,rbe,Revista Brasileira de Economia,indexacao_interrompida,,0,0034-7140; 1806-9134,0034-7140,1806-9134,Fundação Getúlio Vargas,Ciências Sociais Aplicadas,https://www.scielo.br/j/rbe/?ilang=pt_BR,
2026-09-06,https://www.scielo.br/journals/alpha?ilang=pt_BR,rbedu,Revista Brasileira de Educação,corrente,,0,1413-2478; 1809-449X,1413-2478,1809-449X,ANPEd - Associação Nacional de Pós-Graduação e Pesquisa em Educação,Ciências Humanas,https://www.scielo.br/j/rbedu/?ilang=pt_BR,
2026-09-06,https://www.scielo.br/journals/alpha?ilang=pt_BR,rbee,Revista Brasileira de Educação Especial,corrente,,0,1413-6538; 1980-5470,1413-6538,1980-5470,Associação Brasileira de Pesquisadores em Educação Especial - ABPEE,Ciências Humanas,https://www.scielo.br/j/rbee/?ilang=pt_BR,
2026-09-06,https://www.scielo.br/journals/alpha?ilang=pt_BR,rbefe,Revista Brasileira de Educação Física e Esporte,indexacao_interrompida,,0,1807-5509; 1981-4690,1807-5509,1981-4690,Escola de Educação Física e Esporte da Universidade de São Paulo,Ciências Da Saúde,https://www.scielo.br/j/rbefe/?ilang=pt_BR,
2026-09-06,https://www.scielo.br/journals/alpha?ilang=pt_BR,rbem,Revista Brasileira de Educação Médica,corrente,,0,0100-5502; 1981-5271,0100-5502,1981-5271,Associação Brasileira de Educação Médica,"Ciências Da Saúde, Ciências Humanas",https://www.scielo.br/j/rbem/?ilang=pt_BR,
2026-09-06,https://www.scielo.br/journals/alpha?ilang=pt_BR,reben,Revista Brasileira de Enfermagem,corrente,,0,0034-7167; 1984-0446,0034-7167,1984-0446,Associação Brasileira de Enfermagem,Ciências Da Saúde,https://www.scielo.br/j/reben/?ilang=pt_BR,
2026-09-06,https://www.scielo.br/journals/alpha?ilang=pt_BR,rbeaa,Revista Brasileira de Engenharia Agrícola e Ambiental,corrente,,0,1415-4366; 1807-1929,1415-4366,1807-1929,Unidade Acadêmica de Engenharia Agrícola,Ciências Agrárias,https://www.scielo.br/j/rbeaa/?ilang=pt_BR,
2026-09-06,https://www.scielo.br/journals/alpha?ilang=pt_BR,rbeb,Revista Brasileira de Engenharia Biomédica,terminado,,0,1517-3151,,,SBEB - Sociedade Brasileira de Engenharia Biomédica,Engenharias,https://www.scielo.br/j/rbeb/?ilang=pt_BR,
2026-09-06,https://www.scielo.br/journals/alpha?ilang=pt_BR,rbef,Revista Brasileira de Ensino de Física,corrente,,0,1806-1117; 1806-9126,1806-1117,1806-9126,Sociedade Brasileira de Física - SBF,Ciências Humanas,https://www.scielo.br/j/rbef/?ilang=pt_BR,
2026-09-06,https://www.scielo.br/journals/alpha?ilang=pt_BR,rbent,Revista Brasileira de Entomologia,corrente,,0,0085-5626; 1806-9665,,1806-9665,Sociedade Brasileira De Entomologia,Ciências Biológicas,https://www.scielo.br/j/rbent/?ilang=pt_BR,
2026-09-06,https://www.scielo.br/journals/alpha?ilang=pt_BR,rbepid,Revista Brasileira de Epidemiologia,corrente,,0,1415-790X; 1980-5497,1415-790X,1980-5497,Associação Brasileira de Saúde Coletiva,Ciências Da Saúde,https://www.scielo.br/j/rbepid/?ilang=pt_BR,
2026-09-06,https://www.scielo.br/journals/alpha?ilang=pt_BR,rbep,Revista Brasileira de Estudos da Presença,terminado,,0,2237-2660,,2237-2660,Universidade Federal do Rio Grande do Sul,"Lingüística, Letras E Artes",https://www.scielo.br/j/rbep/?ilang=pt_BR,
2026-09-06,https://www.scielo.br/journals/alpha?ilang=pt_BR,rbepop,Revista Brasileira de Estudos de População,corrente,,0,0102-3098; 1980-5519,0102-3098,1980-5519,Associação Brasileira de Estudos Populacionais,Ciências Sociais Aplicadas,https://www.scielo.br/j/rbepop/?ilang=pt_BR,
2026-09-06,https://www.scielo.br/journals/alpha?ilang=pt_BR,rbeped,Revista Brasileira de Estudos Pedagógicos,corrente,,0,0034-7183; 2176-6681,0034-7183,2176-6681,Instituto Nacional de Estudos e Pesquisas Educacionais Anísio Teixeira,Ciências Humanas,https://www.scielo.br/j/rbeped/?ilang=pt_BR,
2026-09-06,https://www.scielo.br/journals/alpha?ilang=pt_BR,rbeur,Revista Brasileira de Estudos Urbanos e Regionais,corrente,,0,1517-4115; 2317-1529,1517-4115,2317-1529,Associação Nacional de Pós-graduação e Pesquisa em Planejamento Urbano e Regional - ANPUR,Ciências Sociais Aplicadas,https://www.scielo.br/j/rbeur/?ilang=pt_BR,
2026-09-06,https://www.scielo.br/journals/alpha?ilang=pt_BR,rbfar,Revista Brasileira de Farmacognosia,indexacao_interrompida,,0,0102-695X; 1981-528X,0102-695X,1981-528X,Sociedade Brasileira de Farmacognosia,Ciências Da Saúde,https://www.scielo.br/j/rbfar/?ilang=pt_BR,
2026-09-06,https://www.scielo.br/journals/alpha?ilang=pt_BR,rbfv,Revista Brasileira de Fisiologia Vegetal,terminado,,0,0103-3131,0103-3131,,Sociedade Brasileira de Fisiologia Vegetal,Ciências Biológicas,https://www.scielo.br/j/rbfv/?ilang=pt_BR,
2026-09-06,https://www.scielo.br/journals/alpha?ilang=pt_BR,rbf,Revista Brasileira de Fruticultura,indexacao_interrompida,,0,0100-2945; 1806-9967,0100-2945,1806-9967,Sociedade Brasileira de Fruticultura,Ciências Agrárias,https://www.scielo.br/j/rbf/?ilang=pt_BR,
2026-09-06,https://www.scielo.br/journals/alpha?ilang=pt_BR,rbgeo,Revista Brasileira de Geociências,indexacao_interrompida,,0,0375-7536; 2177-4382,0375-7536,2177-4382,Sociedade Brasileira de Geologia,Ciências Exatas E Da Terra,https://www.scielo.br/j/rbgeo/?ilang=pt_BR,
2026-09-06,https://www.scielo.br/journals/alpha?ilang=pt_BR,rbg,Revista Brasileira de Geofísica,indexacao_interrompida,,0,0102-261X,0102-261X,,Sociedade Brasileira de Geofísica,Ciências Exatas E Da Terra,https://www.scielo.br/j/rbg/?ilang=pt_BR,
2026-09-06,https://www.scielo.br/journals/alpha?ilang=pt_BR,rbgg,Revista Brasileira de Geriatria e Gerontologia,corrente,,0,1809-9823; 1981-2256,1809-9823,1981-2256,Universidade do Estado do Rio Janeiro,"Ciências Da Saúde, Ciências Humanas",https://www.scielo.br/j/rbgg/?ilang=pt_BR,
2026-09-06,https://www.scielo.br/journals/alpha?ilang=pt_BR,rbgn,Revista Brasileira de Gestão de Negócios,corrente,,0,1806-4892; 1983-0807,1806-4892,1983-0807,Fundação Escola de Comércio Álvares Penteado,Ciências Sociais Aplicadas,https://www.scielo.br/j/rbgn/?ilang=pt_BR,
2026-09-06,https://www.scielo.br/journals/alpha?ilang=pt_BR,rbgo,Revista Brasileira de Ginecologia e Obstetrícia,corrente,,0,0100-7203; 1806-9339,0100-7203,1806-9339,Federação Brasileira das Sociedades de Ginecologia e Obstetrícia,Ciências Da Saúde,https://www.scielo.br/j/rbgo/?ilang=pt_BR,
2026-09-06,https://www.scielo.br/journals/alpha?ilang=pt_BR,rbhh,Revista Brasileira de Hematologia e Hemoterapia,terminado,,0,1516-8484; 1806-0870,1516-8484,1806-0870,Associação Brasileira de Hematologia e Hemoterapia e Terapia Celular,Ciências Da Saúde,https://www.scielo.br/j/rbhh/?ilang=pt_BR,
2026-09-06,https://www.scielo.br/journals/alpha?ilang=pt_BR,rbh,Revista Brasileira de História,corrente,,0,0102-0188; 1806-9347,0102-0188,1806-9347,Associação Nacional de História - ANPUH,Ciências Humanas,https://www.scielo.br/j/rbh/?ilang=pt_BR,
2026-09-06,https://www.scielo.br/journals/alpha?ilang=pt_BR,rbhe,Revista Brasileira de História da Educação,corrente,,0,1519-5902; 2238-0094,1519-5902,2238-0094,Sociedade Brasileira de História da Educação,Ciências Humanas,https://www.scielo.br/j/rbhe/?ilang=pt_BR,
2026-09-06,https://www.scielo.br/journals/alpha?ilang=pt_BR,rbi,Revista Brasileira de Inovação,corrente,,0,1677-2504; 2178-2822,1677-2504,2178-2822,Universidade Estadual de Campinas,Ciências Humanas,https://www.scielo.br/j/rbi/?ilang=pt_BR,
2026-09-06,https://www.scielo.br/journals/alpha?ilang=pt_BR,rbla,Revista Brasileira de Linguística Aplicada,corrente,,0,1984-6398,,1984-6398,Faculdade de Letras - Universidade Federal de Minas Gerais,"Lingüística, Letras E Artes",https://www.scielo.br/j/rbla/?ilang=pt_BR,
2026-09-06,https://www.scielo.br/journals/alpha?ilang=pt_BR,rblc,Revista Brasileira de Literatura Comparada,corrente,,0,0103-6963; 2596-304X,0103-6963,2596-304X,Associação Brasileira de Literatura Comparada,"Lingüística, Letras E Artes",https://www.scielo.br/j/rblc/?ilang=pt_BR,
2026-09-06,https://www.scielo.br/journals/alpha?ilang=pt_BR,rbme,Revista Brasileira de Medicina do Esporte,indexacao_interrompida,,0,1517-8692; 1806-9940,1517-8692,1806-9940,Sociedade Brasileira de Medicina do Exercício e do Esporte,Ciências Da Saúde,https://www.scielo.br/j/rbme/?ilang=pt_BR,
2026-09-06,https://www.scielo.br/journals/alpha?ilang=pt_BR,rbmt,Revista Brasileira de Medicina do Trabalho,corrente,,0,1679-4435; 2447-0147,1679-4435,2447-0147,Associação Nacional de Medicina do Trabalho (ANAMT),Ciências Da Saúde,https://www.scielo.br/j/rbmt/?ilang=pt_BR,
2026-09-06,https://www.scielo.br/journals/alpha?ilang=pt_BR,rbmet,Revista Brasileira de Meteorologia,corrente,,0,0102-7786; 1982-4351,0102-7786,1982-4351,Sociedade Brasileira de Meteorologia,Ciências Exatas E Da Terra,https://www.scielo.br/j/rbmet/?ilang=pt_BR,
2026-09-06,https://www.scielo.br/journals/alpha?ilang=pt_BR,rboce,Revista Brasileira de Oceanografia,terminado,,0,1413-7739,1413-7739,,Instituto Oceanográfico da Universidade de São Paulo,"Ciências Biológicas, Ciências Exatas E Da Terra",https://www.scielo.br/j/rboce/?ilang=pt_BR,
2026-09-06,https://www.scielo.br/journals/alpha?ilang=pt_BR,rbof,Revista Brasileira de Oftalmologia,corrente,,0,0034-7280; 1982-8551,0034-7280,1982-8551,Sociedade Brasileira de Oftalmologia,Ciências Da Saúde,https://www.scielo.br/j/rbof/?ilang=pt_BR,
2026-09-06,https://www.scielo.br/journals/alpha?ilang=pt_BR,rbort,Revista Brasileira de Ortopedia,corrente,,0,0102-3616; 1982-4378,0102-3616,1982-4378,Sociedade Brasileira de Ortopedia e Traumatologia,Ciências Da Saúde,https://www.scielo.br/j/rbort/?ilang=pt_BR,
2026-09-06,https://www.scielo.br/journals/alpha?ilang=pt_BR,rboto,Revista Brasileira de Otorrinolaringologia,terminado,,0,0034-7299,0034-7299,,ABORL-CCF Associação Brasileira de Otorrinolaringologia e Cirurgia Cérvico-Facial,Ciências Da Saúde,https://www.scielo.br/j/rboto/?ilang=pt_BR,
2026-09-06,https://www.scielo.br/journals/alpha?ilang=pt_BR,rbpv,Revista Brasileira de Parasitologia Veterinária,corrente,,0,0103-846X; 1984-2961,0103-846X,1984-2961,Colégio Brasileiro de Parasitologia Veterinária,Ciências Biológicas,https://www.scielo.br/j/rbpv/?ilang=pt_BR,
2026-09-06,https://www.scielo.br/journals/alpha?ilang=pt_BR,rbtur,Revista Brasileira de Pesquisa em Turismo,corrente,,0,1982-6125,,1982-6125,Associação Nacional de Pesquisa e Pós-Graduação em Turismo,Ciências Sociais Aplicadas,https://www.scielo.br/j/rbtur/?ilang=pt_BR,
2026-09-06,https://www.scielo.br/journals/alpha?ilang=pt_BR,rbpm,Revista Brasileira de Plantas Medicinais,indexacao_interrompida,,0,1516-0572; 1983-084X,1516-0572,1983-084X,Sociedade Brasileira de Plantas Medicinais,"Ciências Agrárias, Ciências Biológicas",https://www.scielo.br/j/rbpm/?ilang=pt_BR,
2026-09-06,https://www.scielo.br/journals/alpha?ilang=pt_BR,rbpi,Revista Brasileira de Política Internacional,corrente,,0,0034-7329; 1983-3121,0034-7329,1983-3121,Centro de Estudos Globais da Universidade de Brasília,Ciências Humanas,https://www.scielo.br/j/rbpi/?ilang=pt_BR,
2026-09-06,https://www.scielo.br/journals/alpha?ilang=pt_BR,psicodrama,Revista Brasileira de Psicodrama,corrente,,0,0104-5393; 2318-0498,0104-5393,2318-0498,Federação Brasileira de Psicodrama,Ciências Humanas,https://www.scielo.br/j/psicodrama/?ilang=pt_BR,
2026-09-06,https://www.scielo.br/journals/alpha?ilang=pt_BR,rbr,Revista Brasileira de Reumatologia,terminado,,0,0482-5004; 1809-4570,0482-5004,1809-4570,Sociedade Brasileira de Reumatologia,Ciências Da Saúde,https://www.scielo.br/j/rbr/?ilang=pt_BR,
2026-09-06,https://www.scielo.br/journals/alpha?ilang=pt_BR,rbspa,Revista Brasileira de Saúde e Produção Animal,corrente,,0,1519-9940,,1519-9940,UFBA - Universidade Federal da Bahia,Ciências Agrárias,https://www.scielo.br/j/rbspa/?ilang=pt_BR,
2026-09-06,https://www.scielo.br/journals/alpha?ilang=pt_BR,rbsmi,Revista Brasileira de Saúde Materno Infantil,corrente,,0,1519-3829; 1806-9304,1519-3829,1806-9304,Instituto de Medicina Integral Prof. Fernando Figueira,Ciências Da Saúde,https://www.scielo.br/j/rbsmi/?ilang=pt_BR,
2026-09-06,https://www.scielo.br/journals/alpha?ilang=pt_BR,rbso,Revista Brasileira de Saúde Ocupacional,corrente,,0,0303-7657; 2317-6369,0303-7657,2317-6369,Fundação Jorge Duprat Figueiredo de Segurança e Medicina do Trabalho - FUNDACENTRO,Ciências Da Saúde,https://www.scielo.br/j/rbso/?ilang=pt_BR,
2026-09-06,https://www.scielo.br/journals/alpha?ilang=pt_BR,rbs,Revista Brasileira de Sementes,terminado,,0,0101-3122,0101-3122,,Associação Brasileira de Tecnologia de Sementes,Ciências Agrárias,https://www.scielo.br/j/rbs/?ilang=pt_BR,
2026-09-06,https://www.scielo.br/journals/alpha?ilang=pt_BR,rbti,Revista Brasileira de Terapia Intensiva,terminado,,0,0103-507X; 1982-4335,0103-507X,1982-4335,Associação de Medicina Intensiva Brasileira - AMIB,Ciências Da Saúde,https://www.scielo.br/j/rbti/?ilang=pt_BR,
2026-09-06,https://www.scielo.br/journals/alpha?ilang=pt_BR,rbzool,Revista Brasileira de Zoologia,terminado,,0,0101-8175,0101-8175,,Sociedade Brasileira de Zoologia,Ciências Biológicas,https://www.scielo.br/j/rbzool/?ilang=pt_BR,
2026-09-06,https://www.scielo.br/journals/alpha?ilang=pt_BR,rbz,Revista Brasileira de Zootecnia,corrente,,0,1516-3598; 1806-9290,1516-3598,1806-9290,Sociedade Brasileira de Zootecnia,Ciências Agrárias,https://www.scielo.br/j/rbz/?ilang=pt_BR,
2026-09-06,https://www.scielo.br/journals/alpha?ilang=pt_BR,rcaat,Revista Caatinga,corrente,,0,0100-316X; 1983-2125,0100-316X,1983-2125,Universidade Federal Rural do Semi-Árido,Ciências Agrárias,https://www.scielo.br/j/rcaat/?ilang=pt_BR,
2026-09-06,https://www.scielo.br/journals/alpha?ilang=pt_BR,rcefac,Revista CEFAC,corrente,,0,1516-1846; 1982-0216,1516-1846,1982-0216,ABRAMO Associação Brasileira de Motricidade Orofacial,Ciências Da Saúde,https://www.scielo.br/j/rcefac/?ilang=pt_BR,
2026-09-06,https://www.scielo.br/journals/alpha?ilang=pt_BR,rceres,Revista Ceres,corrente,,0,0034-737X; 2177-3491,0034-737X,2177-3491,Universidade Federal de Viçosa,"Ciências Agrárias, Ciências Biológicas",https://www.scielo.br/j/rceres/?ilang=pt_BR,
2026-09-06,https://www.scielo.br/journals/alpha?ilang=pt_BR,rca,Revista Ciência Agronômica,corrente,,0,0045-6888; 1806-6690,0045-6888,1806-6690,Universidade Federal do Ceará,Ciências Agrárias,https://www.scielo.br/j/rca/?ilang=pt_BR,
2026-09-06,https://www.scielo.br/journals/alpha?ilang=pt_BR,rcf,Revista Contabilidade & Finanças,corrente,,0,1519-7077; 1808-057X,1519-7077,1808-057X,"Universidade de São Paulo, Faculdade de Economia, Administração, Contabilidade e Atuária, Departamento de Contabilidade e Atuária - Cidade Universitária",Ciências Sociais Aplicadas,https://www.scielo.br/j/rcf/?ilang=pt_BR,
2026-09-06,https://www.scielo.br/journals/alpha?ilang=pt_BR,ramb,Revista da Associação Médica Brasileira,corrente,,0,0104-4230; 1806-9282,0104-4230,1806-9282,Associação Médica Brasileira,Ciências Da Saúde,https://www.scielo.br/j/ramb/?ilang=pt_BR,
2026-09-06,https://www.scielo.br/journals/alpha?ilang=pt_BR,refuem,Revista da Educação Física / UEM,terminado,,0,1983-3083,,1983-3083,Universidade Estadual de Maringá,Ciências Da Saúde,https://www.scielo.br/j/refuem/?ilang=pt_BR,
2026-09-06,https://www.scielo.br/journals/alpha?ilang=pt_BR,reeusp,Revista da Escola de Enfermagem da USP,corrente,,0,0080-6234; 1980-220X,0080-6234,1980-220X,"Universidade de São Paulo, Escola de Enfermagem",Ciências Da Saúde,https://www.scielo.br/j/reeusp/?ilang=pt_BR,
2026-09-06,https://www.scielo.br/journals/alpha?ilang=pt_BR,rfe,Revista da Faculdade de Educação,terminado,,0,0102-2555,0102-2555,,Faculdade de Educação da Universidade de São Paulo,Ciências Humanas,https://www.scielo.br/j/rfe/?ilang=pt_BR,
2026-09-06,https://www.scielo.br/journals/alpha?ilang=pt_BR,rsbf,Revista da Sociedade Brasileira de Fonoaudiologia,terminado,,0,1516-8034; 1982-0232,1516-8034,1982-0232,Sociedade Brasileira de Fonoaudiologia,Ciências Da Saúde,https://www.scielo.br/j/rsbf/?ilang=pt_BR,
2026-09-06,https://www.scielo.br/journals/alpha?ilang=pt_BR,rsbmt,Revista da Sociedade Brasileira de Medicina Tropical,corrente,,0,0037-8682; 1678-9849,0037-8682,1678-9849,Sociedade Brasileira de Medicina Tropical - SBMT,Ciências Da Saúde,https://www.scielo.br/j/rsbmt/?ilang=pt_BR,
2026-09-06,https://www.scielo.br/journals/alpha?ilang=pt_BR,rausp,Revista de Administração (São Paulo),terminado,,0,0080-2107; 1984-6142,0080-2107,1984-6142,"Departamento de Administração da Faculdade de Economia, Administração e Contabilidade da Universidade de São Paulo",Ciências Sociais Aplicadas,https://www.scielo.br/j/rausp/?ilang=pt_BR,
2026-09-06,https://www.scielo.br/journals/alpha?ilang=pt_BR,rac,Revista de Administração Contemporânea,corrente,,0,1415-6555; 1982-7849,1415-6555,1982-7849,Associação Nacional de Pós-Graduação e Pesquisa em Administração,Ciências Sociais Aplicadas,https://www.scielo.br/j/rac/?ilang=pt_BR,
2026-09-06,https://www.scielo.br/journals/alpha?ilang=pt_BR,reaufsm,Revista de Administração da UFSM,corrente,,0,1983-4659,,1983-4659,Universidade Federal de Santa Maria,Ciências Sociais Aplicadas,https://www.scielo.br/j/reaufsm/?ilang=pt_BR,
2026-09-06,https://www.scielo.br/journals/alpha?ilang=pt_BR,rae,Revista de Administração de Empresas,corrente,,0,0034-7590; 2178-938X,0034-7590,2178-938X,"Fundação Getulio Vargas, Escola de Administração de Empresas de S.Paulo",Ciências Sociais Aplicadas,https://www.scielo.br/j/rae/?ilang=pt_BR,
2026-09-06,https://www.scielo.br/journals/alpha?ilang=pt_BR,rap,Revista de Administração Pública,corrente,,0,0034-7612; 1982-3134,0034-7612,1982-3134,Fundação Getulio Vargas,Ciências Sociais Aplicadas,https://www.scielo.br/j/rap/?ilang=pt_BR,
2026-09-06,https://www.scielo.br/journals/alpha?ilang=pt_BR,ra,Revista de Antropologia,corrente,,0,0034-7701; 1678-9857,0034-7701,1678-9857,Universidade de São Paulo - USP,Ciências Humanas,https://www.scielo.br/j/ra/?ilang=pt_BR,
2026-09-06,https://www.scielo.br/journals/alpha?ilang=pt_BR,rdc,Revista de Direito da Cidade,indexacao_interrompida,,0,1809-6077; 2317-7721,1809-6077,2317-7721,Universidade do Estado do Rio de Janeiro - UERJ,Ciências Sociais Aplicadas,https://www.scielo.br/j/rdc/?ilang=pt_BR,
2026-09-06,https://www.scielo.br/journals/alpha?ilang=pt_BR,rec,Revista de Economia Contemporânea,corrente,,0,1415-9848; 1980-5527,,1980-5527,Instituto de Economia da Universidade Federal do Rio de Janeiro,Ciências Sociais Aplicadas,https://www.scielo.br/j/rec/?ilang=pt_BR,
2026-09-06,https://www.scielo.br/journals/alpha?ilang=pt_BR,resr,Revista de Economia e Sociologia Rural,corrente,,0,0103-2003; 1806-9479,0103-2003,1806-9479,Sociedade Brasileira de Economia e Sociologia Rural (SOBER),"Ciências Sociais Aplicadas, Ciências Humanas",https://www.scielo.br/j/resr/?ilang=pt_BR,
2026-09-06,https://www.scielo.br/journals/alpha?ilang=pt_BR,rfilos,Revista de Filosofia Aurora,corrente,,0,2965-1557; 2965-1565,2965-1557,2965-1565,"Pontifícia Universidade Católica do Paraná, Editora PUCPRESS - Programa de Pós-Graduação em Filosofia",Ciências Humanas,https://www.scielo.br/j/rfilos/?ilang=pt_BR,
2026-09-06,https://www.scielo.br/journals/alpha?ilang=pt_BR,rh,Revista de História (São Paulo),corrente,,0,0034-8309; 2316-9141,0034-8309,2316-9141,"Universidade de São Paulo, Faculdade de Filosofia, Letras e Ciências Humanas, Departamento de História",Ciências Humanas,https://www.scielo.br/j/rh/?ilang=pt_BR,
2026-09-06,https://www.scielo.br/journals/alpha?ilang=pt_BR,rinc,Revista de Investigações Constitucionais,corrente,,0,2359-5639,,2359-5639,Universidade Federal do Paraná,Ciências Sociais Aplicadas,https://www.scielo.br/j/rinc/?ilang=pt_BR,
2026-09-06,https://www.scielo.br/journals/alpha?ilang=pt_BR,rm,Revista de Microbiologia,terminado,,0,0001-3714,0001-3714,,Sociedade Brasileira de Microbiologia,"Ciências Agrárias, Ciências Biológicas",https://www.scielo.br/j/rm/?ilang=pt_BR,
2026-09-06,https://www.scielo.br/journals/alpha?ilang=pt_BR,rn,Revista de Nutrição,corrente,,0,1415-5273; 1678-9865,1415-5273,1678-9865,Pontifícia Universidade Católica de Campinas,Ciências Da Saúde,https://www.scielo.br/j/rn/?ilang=pt_BR,
2026-09-06,https://www.scielo.br/journals/alpha?ilang=pt_BR,rounesp,Revista de Odontologia da UNESP,corrente,,0,0101-1774; 1807-2577,0101-1774,1807-2577,Universidade Estadual Paulista Júlio de Mesquita Filho,Ciências Da Saúde,https://www.scielo.br/j/rounesp/?ilang=pt_BR,
2026-09-06,https://www.scielo.br/journals/alpha?ilang=pt_BR,rousp,Revista de Odontologia da Universidade de São Paulo,terminado,,0,0103-0663,0103-0663,,Universidade de São Paulo,Ciências Da Saúde,https://www.scielo.br/j/rousp/?ilang=pt_BR,
2026-09-06,https://www.scielo.br/journals/alpha?ilang=pt_BR,rprs,Revista de Psiquiatria do Rio Grande do Sul,terminado,,0,0101-8108,0101-8108,,Sociedade de Psiquiatria do Rio Grande do Sul,Ciências Da Saúde,https://www.scielo.br/j/rprs/?ilang=pt_BR,
2026-09-06,https://www.scielo.br/journals/alpha?ilang=pt_BR,rsp,Revista de Saúde Pública,corrente,,0,0034-8910; 1518-8787,0034-8910,1518-8787,Faculdade de Saúde Pública da Universidade de São Paulo,Ciências Da Saúde,https://www.scielo.br/j/rsp/?ilang=pt_BR,
2026-09-06,https://www.scielo.br/journals/alpha?ilang=pt_BR,rsocp,Revista de Sociologia e Política,corrente,,0,0104-4478; 1678-9873,0104-4478,1678-9873,Universidade Federal do Paraná,Ciências Humanas,https://www.scielo.br/j/rsocp/?ilang=pt_BR,
2026-09-06,https://www.scielo.br/journals/alpha?ilang=pt_BR,dpress,Revista Dental Press de Ortodontia e Ortopedia Facial,terminado,,0,1415-5419; 1980-5500,,1980-5500,Dental Press Editora,Ciências Da Saúde,https://www.scielo.br/j/dpress/?ilang=pt_BR,
2026-09-06,https://www.scielo.br/journals/alpha?ilang=pt_BR,rdp,Revista Direito e Práxis,corrente,,0,2179-8966,,2179-8966,Universidade do Estado do Rio de Janeiro,Ciências Sociais Aplicadas,https://www.scielo.br/j/rdp/?ilang=pt_BR,
2026-09-06,https://www.scielo.br/journals/alpha?ilang=pt_BR,rdgv,Revista Direito GV,corrente,,0,1808-2432; 2317-6172,,2317-6172,"Fundação Getulio Vargas, Escola de Direito de São Paulo",Ciências Sociais Aplicadas,https://www.scielo.br/j/rdgv/?ilang=pt_BR,
2026-09-06,https://www.scielo.br/journals/alpha?ilang=pt_BR,rcbc,Revista do Colégio Brasileiro de Cirurgiões,corrente,,0,0100-6991; 1809-4546,0100-6991,1809-4546,Colégio Brasileiro de Cirurgiões,Ciências Da Saúde,https://www.scielo.br/j/rcbc/?ilang=pt_BR,
2026-09-06,https://www.scielo.br/journals/alpha?ilang=pt_BR,rdpsi,Revista do Departamento de Psicologia. UFF,terminado,,0,0104-8023,0104-8023,,"Universidade Federal Fluminense, Departamento de Psicologia",Ciências Humanas,https://www.scielo.br/j/rdpsi/?ilang=pt_BR,
2026-09-06,https://www.scielo.br/journals/alpha?ilang=pt_BR,rhc,Revista do Hospital das Clínicas,terminado,,0,0041-8781; 1678-9903,,1678-9903,Faculdade de Medicina / Universidade de São Paulo - FM/USP,Ciências Da Saúde,https://www.scielo.br/j/rhc/?ilang=pt_BR,
2026-09-06,https://www.scielo.br/journals/alpha?ilang=pt_BR,rieb,Revista do Instituto de Estudos Brasileiros,corrente,,0,0020-3874; 2316-901X,0020-3874,2316-901X,Instituto de Estudos Brasileiros,Ciências Humanas,https://www.scielo.br/j/rieb/?ilang=pt_BR,
2026-09-06,https://www.scielo.br/journals/alpha?ilang=pt_BR,rimtsp,Revista do Instituto de Medicina Tropical de São Paulo,corrente,,0,0036-4665; 1678-9946,,1678-9946,Instituto de Medicina Tropical de São Paulo,"Ciências Biológicas, Ciências Da Saúde",https://www.scielo.br/j/rimtsp/?ilang=pt_BR,
2026-09-06,https://www.scielo.br/journals/alpha?ilang=pt_BR,rdor,Revista Dor,terminado,,0,1806-0013; 2317-6393,1806-0013,2317-6393,Sociedade Brasileira para o Estudo da Dor,Ciências Da Saúde,https://www.scielo.br/j/rdor/?ilang=pt_BR,
2026-09-06,https://www.scielo.br/journals/alpha?ilang=pt_BR,ref,Revista Estudos Feministas,corrente,,0,0104-026X; 1806-9584,0104-026X,1806-9584,Centro de Filosofia e Ciências Humanas e da Universidade Federal de Santa Catarina,Ciências Humanas,https://www.scielo.br/j/ref/?ilang=pt_BR,
2026-09-06,https://www.scielo.br/journals/alpha?ilang=pt_BR,rgenf,Revista Gaúcha de Enfermagem,corrente,,0,0102-6933; 1983-1447,0102-6933,1983-1447,Universidade Federal do Rio Grande do Sul. Escola de Enfermagem,Ciências Da Saúde,https://www.scielo.br/j/rgenf/?ilang=pt_BR,
2026-09-06,https://www.scielo.br/journals/alpha?ilang=pt_BR,riem,Revista IBRACON de Estruturas e Materiais,corrente,,0,1983-4195,,1983-4195,IBRACON - Instituto Brasileiro do Concreto,Engenharias,https://www.scielo.br/j/riem/?ilang=pt_BR,
2026-09-06,https://www.scielo.br/journals/alpha?ilang=pt_BR,rk,Revista Katálysis,corrente,,0,1414-4980; 1982-0259,,1982-0259,Programa de Pós-Graduação em Serviço Social e Curso de Graduação em Serviço Social da Universidade Federal de Santa Catarina,Ciências Sociais Aplicadas,https://www.scielo.br/j/rk/?ilang=pt_BR,
2026-09-06,https://www.scielo.br/journals/alpha?ilang=pt_BR,rlae,Revista Latino-Americana de Enfermagem,corrente,,0,0104-1169; 1518-8345,,1518-8345,Escola de Enfermagem de Ribeirão Preto / Universidade de São Paulo,Ciências Da Saúde,https://www.scielo.br/j/rlae/?ilang=pt_BR,
2026-09-06,https://www.scielo.br/journals/alpha?ilang=pt_BR,rlpf,Revista Latinoamericana de Psicopatologia Fundamental,corrente,,0,1415-4714; 1984-0381,1415-4714,1984-0381,Associação Universitária de Pesquisa em Psicopatologia Fundamental,Ciências Humanas,https://www.scielo.br/j/rlpf/?ilang=pt_BR,
2026-09-06,https://www.scielo.br/journals/alpha?ilang=pt_BR,nera,Revista NERA,corrente,,0,1806-6755,,1806-6755,Universidade Estadual Paulista (UNESP),Ciências Humanas,https://www.scielo.br/j/nera/?ilang=pt_BR,
2026-09-06,https://www.scielo.br/journals/alpha?ilang=pt_BR,roc,Revista Odonto Ciência,indexacao_interrompida,,0,1980-6523,,1980-6523,Pontifícia Universidade Católica do Rio Grande do Sul,Ciências Da Saúde,https://www.scielo.br/j/roc/?ilang=pt_BR,
2026-09-06,https://www.scielo.br/journals/alpha?ilang=pt_BR,rpp,Revista Paulista de Pediatria,corrente,,0,0103-0582; 1984-0462,0103-0582,1984-0462,Sociedade de Pediatria de São Paulo,Ciências Da Saúde,https://www.scielo.br/j/rpp/?ilang=pt_BR,
2026-09-06,https://www.scielo.br/journals/alpha?ilang=pt_BR,rv,Revista Vórtex,corrente,,0,2317-9937,,2317-9937,Universidade Estadual do Paraná (Unespar),"Lingüística, Letras E Artes",https://www.scielo.br/j/rv/?ilang=pt_BR,
2026-09-06,https://www.scielo.br/journals/alpha?ilang=pt_BR,rarv,Revista Árvore,corrente,,0,0100-6762; 1806-9088,0100-6762,1806-9088,Sociedade de Investigações Florestais,Ciências Agrárias,https://www.scielo.br/j/rarv/?ilang=pt_BR,
2026-09-06,https://www.scielo.br/journals/alpha?ilang=pt_BR,rgo,RGO - Revista Gaúcha de Odontologia,corrente,,0,0103-6971; 1981-8637,0103-6971,1981-8637,Faculdade São Leopoldo Mandic,Ciências Da Saúde,https://www.scielo.br/j/rgo/?ilang=pt_BR,
2026-09-06,https://www.scielo.br/journals/alpha?ilang=pt_BR,rod,Rodriguésia,corrente,,0,0370-6583; 2175-7860,0370-6583,2175-7860,Instituto de Pesquisas Jardim Botânico do Rio de Janeiro,Ciências Biológicas,https://www.scielo.br/j/rod/?ilang=pt_BR,
2026-09-06,https://www.scielo.br/journals/alpha?ilang=pt_BR,spmj,Sao Paulo Medical Journal,corrente,,0,1516-3180; 1806-9460,1516-3180,1806-9460,Associação Paulista de Medicina - APM,Ciências Da Saúde,https://www.scielo.br/j/spmj/?ilang=pt_BR,
2026-09-06,https://www.scielo.br/journals/alpha?ilang=pt_BR,sausoc,Saúde e Sociedade,corrente,,0,0104-1290; 1984-0470,0104-1290,1984-0470,"Faculdade de Saúde Pública, Universidade de São Paulo. Associação Paulista de Saúde Pública.","Ciências Da Saúde, Ciências Humanas",https://www.scielo.br/j/sausoc/?ilang=pt_BR,
2026-09-06,https://www.scielo.br/journals/alpha?ilang=pt_BR,sdeb,Saúde em Debate,corrente,,0,0103-1104; 2358-2898,0103-1104,2358-2898,Centro Brasileiro de Estudos de Saúde,Ciências Da Saúde,https://www.scielo.br/j/sdeb/?ilang=pt_BR,
2026-09-06,https://www.scielo.br/journals/alpha?ilang=pt_BR,ca,Sba: Controle & Automação Sociedade Brasileira de Automatica,indexacao_interrompida,,0,0103-1759,0103-1759,,Sociedade Brasileira de Automática,Ciências Exatas E Da Terra,https://www.scielo.br/j/ca/?ilang=pt_BR,
2026-09-06,https://www.scielo.br/journals/alpha?ilang=pt_BR,sa,Scientia Agricola,corrente,,0,0103-9016; 1678-992X,,1678-992X,"Escola Superior de Agricultura ""Luiz de Queiroz""",Ciências Agrárias,https://www.scielo.br/j/sa/?ilang=pt_BR,
2026-09-06,https://www.scielo.br/journals/alpha?ilang=pt_BR,ss,Scientiae Studia,indexacao_interrompida,,0,1678-3166; 2316-8994,1678-3166,2316-8994,"Universidade de São Paulo, Departamento de Filosofia",Ciências Humanas,https://www.scielo.br/j/ss/?ilang=pt_BR,
2026-09-06,https://www.scielo.br/journals/alpha?ilang=pt_BR,seq,Sequência (Florianópolis),corrente,,0,0101-9562; 2177-7055,0101-9562,2177-7055,Programa de Pós-Graduação em Direito da Universidade Federal de Santa Catarina,Ciências Sociais Aplicadas,https://www.scielo.br/j/seq/?ilang=pt_BR,
2026-09-06,https://www.scielo.br/journals/alpha?ilang=pt_BR,sssoc,Serviço Social & Sociedade,corrente,,0,0101-6628; 2317-6318,0101-6628,2317-6318,Cortez Editora Ltda,Ciências Sociais Aplicadas,https://www.scielo.br/j/sssoc/?ilang=pt_BR,
2026-09-06,https://www.scielo.br/journals/alpha?ilang=pt_BR,sess,"Sexualidad, Salud y Sociedad (Rio de Janeiro)",corrente,,0,1984-6487,,1984-6487,Centro Latino-Americano em Sexualidade e Direitos Humanos (CLAM/IMS/UERJ),Ciências Humanas,https://www.scielo.br/j/sess/?ilang=pt_BR,
2026-09-06,https://www.scielo.br/journals/alpha?ilang=pt_BR,sn,Sociedade & Natureza,corrente,,0,0103-1570; 1982-4513,0103-1570,1982-4513,Editora da Universidade Federal de Uberlândia - EDUFU,Ciências Humanas,https://www.scielo.br/j/sn/?ilang=pt_BR,
2026-09-06,https://www.scielo.br/journals/alpha?ilang=pt_BR,se,Sociedade e Estado,corrente,,0,0102-6992; 1980-5462,0102-6992,1980-5462,Departamento de Sociologia da Universidade de Brasília,"Ciências Sociais Aplicadas, Ciências Humanas",https://www.scielo.br/j/se/?ilang=pt_BR,
2026-09-06,https://www.scielo.br/journals/alpha?ilang=pt_BR,sant,Sociologia & Antropologia,corrente,,0,2236-7527; 2238-3875,2236-7527,2238-3875,Universidade Federal do Rio de Janeiro,Ciências Humanas,https://www.scielo.br/j/sant/?ilang=pt_BR,
2026-09-06,https://www.scielo.br/journals/alpha?ilang=pt_BR,soc,Sociologias,corrente,,0,1517-4522; 1807-0337,1517-4522,1807-0337,Programa de Pós-Graduação em Sociologia - UFRGS,Ciências Humanas,https://www.scielo.br/j/soc/?ilang=pt_BR,
2026-09-06,https://www.scielo.br/journals/alpha?ilang=pt_BR,soiroc,Soils and Rocks,corrente,,0,1980-9743; 2675-5475,1980-9743,2675-5475,Associação Brasileira de Mecânica dos Solos,Engenharias,https://www.scielo.br/j/soiroc/?ilang=pt_BR,
2026-09-06,https://www.scielo.br/journals/alpha?ilang=pt_BR,si,Soldagem & Inspeção,corrente,,0,0104-9224; 1980-6973,0104-9224,1980-6973,Associação Brasileira de Soldagem,Engenharias,https://www.scielo.br/j/si/?ilang=pt_BR,
2026-09-06,https://www.scielo.br/journals/alpha?ilang=pt_BR,sp,Summa Phytopathologica,corrente,,0,0100-5405; 1980-5454,0100-5405,1980-5454,Grupo Paulista de Fitopatologia,Ciências Agrárias,https://www.scielo.br/j/sp/?ilang=pt_BR,
2026-09-06,https://www.scielo.br/journals/alpha?ilang=pt_BR,sur,Sur. Revista Internacional de Direitos Humanos,indexacao_interrompida,,0,1806-6445; 1983-3342,1806-6445,1983-3342,Sur - Rede Universitária de Direitos Humanos,"Ciências Sociais Aplicadas, Ciências Humanas",https://www.scielo.br/j/sur/?ilang=pt_BR,
2026-09-06,https://www.scielo.br/journals/alpha?ilang=pt_BR,spp,São Paulo em Perspectiva,indexacao_interrompida,,0,0102-8839; 1806-9452,0102-8839,1806-9452,Fundação SEADE,"Ciências Sociais Aplicadas, Ciências Humanas",https://www.scielo.br/j/spp/?ilang=pt_BR,
2026-09-06,https://www.scielo.br/journals/alpha?ilang=pt_BR,tema,TEMA (São Carlos),terminado,,0,1677-1966; 2179-8451,1677-1966,2179-8451,Sociedade Brasileira de Matemática Aplicada e Computacional,Ciências Exatas E Da Terra,https://www.scielo.br/j/tema/?ilang=pt_BR,
2026-09-06,https://www.scielo.br/journals/alpha?ilang=pt_BR,tem,Tempo,corrente,,0,1413-7704; 1980-542X,1413-7704,1980-542X,EdUFF - Editora da UFF,Ciências Humanas,https://www.scielo.br/j/tem/?ilang=pt_BR,
2026-09-06,https://www.scielo.br/journals/alpha?ilang=pt_BR,ts,Tempo Social,corrente,,0,0103-2070; 1809-4554,0103-2070,1809-4554,"Departamento de Sociologia da Faculdade de Filosofia, Letras e Ciências Humanas da Universidade de São Paulo",Ciências Humanas,https://www.scielo.br/j/ts/?ilang=pt_BR,
2026-09-06,https://www.scielo.br/journals/alpha?ilang=pt_BR,tce,Texto & Contexto - Enfermagem,corrente,,0,0104-0707; 1980-265X,0104-0707,1980-265X,"Universidade Federal de Santa Catarina, Programa de Pós Graduação em Enfermagem",Ciências Da Saúde,https://www.scielo.br/j/tce/?ilang=pt_BR,
2026-09-06,https://www.scielo.br/journals/alpha?ilang=pt_BR,tl,Texto Livre,corrente,,0,1983-3652,,1983-3652,Universidade Federal de Minas Gerais - UFMG,"Ciências Humanas, Lingüística, Letras E Artes",https://www.scielo.br/j/tl/?ilang=pt_BR,
2026-09-06,https://www.scielo.br/journals/alpha?ilang=pt_BR,txpp,Theoretical and Experimental Plant Physiology,indexacao_interrompida,,0,2197-0025,,2197-0025,Sociedade Brasileira de Fisiologia Vegetal,Ciências Agrárias,https://www.scielo.br/j/txpp/?ilang=pt_BR,
2026-09-06,https://www.scielo.br/journals/alpha?ilang=pt_BR,journal_acron,title-13e2b90260d44c3ba4a651917bbfb85f,corrente,,1,,,,,,https://www.scielo.br/j/journal_acron/?ilang=pt_BR,Falha ao consultar https://www.scielo.br/j/journal_acron/?ilang=pt_BR: HTTP Error 500: INTERNAL SERVER ERROR
2026-09-06,https://www.scielo.br/journals/alpha?ilang=pt_BR,journal_acron,title-a1fb215b52f342c8a31d8fb3001c61fd,corrente,,1,,,,,,https://www.scielo.br/j/journal_acron/?ilang=pt_BR,Falha ao consultar https://www.scielo.br/j/journal_acron/?ilang=pt_BR: HTTP Error 500: INTERNAL SERVER ERROR
2026-09-06,https://www.scielo.br/journals/alpha?ilang=pt_BR,journal_acron,title-ec3790d25a804210b9e7880c84557317,corrente,,1,,,,,,https://www.scielo.br/j/journal_acron/?ilang=pt_BR,Falha ao consultar https://www.scielo.br/j/journal_acron/?ilang=pt_BR: HTTP Error 500: INTERNAL SERVER ERROR
2026-09-06,https://www.scielo.br/journals/alpha?ilang=pt_BR,topoi,Topoi (Rio de Janeiro),indexacao_interrompida,,0,1518-3319; 2237-101X,1518-3319,2237-101X,Programa de Pós-Graduação em História Social da Universidade Federal do Rio de Janeiro,Ciências Humanas,https://www.scielo.br/j/topoi/?ilang=pt_BR,
2026-09-06,https://www.scielo.br/journals/alpha?ilang=pt_BR,tes,"Trabalho, Educação e Saúde",corrente,,0,1678-1007; 1981-7746,1678-1007,1981-7746,"Coordenação editorial da Trabalho, Educação e Saúde","Ciências Da Saúde, Ciências Humanas",https://www.scielo.br/j/tes/?ilang=pt_BR,
2026-09-06,https://www.scielo.br/journals/alpha?ilang=pt_BR,tla,Trabalhos em Linguística Aplicada,corrente,,0,0103-1813; 2175-764X,,2175-764X,UNICAMP. Programa de Pós-Graduação em Linguística Aplicada do Instituto de Estudos da Linguagem (IEL),"Lingüística, Letras E Artes",https://www.scielo.br/j/tla/?ilang=pt_BR,
2026-09-06,https://www.scielo.br/journals/alpha?ilang=pt_BR,trans,Trans/Form/Ação,corrente,,0,0101-3173; 1980-539X,0101-3173,1980-539X,"Universidade Estadual Paulista, Departamento de Filosofia",Ciências Humanas,https://www.scielo.br/j/trans/?ilang=pt_BR,
2026-09-06,https://www.scielo.br/journals/alpha?ilang=pt_BR,tinf,Transinformação,corrente,,0,0103-3786; 2318-0889,0103-3786,2318-0889,Pontifícia Universidade Católica de Campinas,Ciências Sociais Aplicadas,https://www.scielo.br/j/tinf/?ilang=pt_BR,
2026-09-06,https://www.scielo.br/journals/alpha?ilang=pt_BR,tcam,Trends in Computational and Applied Mathematics,corrente,,0,2676-0029,,2676-0029,Sociedade Brasileira de Matemática Aplicada e Computacional - SBMAC,Ciências Exatas E Da Terra,https://www.scielo.br/j/tcam/?ilang=pt_BR,
2026-09-06,https://www.scielo.br/journals/alpha?ilang=pt_BR,trends,Trends in Psychiatry and Psychotherapy,corrente,,0,2237-6089; 2238-0019,2237-6089,2238-0019,Associação de Psiquiatria do Rio Grande do Sul,Ciências Da Saúde,https://www.scielo.br/j/trends/?ilang=pt_BR,
2026-09-06,https://www.scielo.br/journals/alpha?ilang=pt_BR,tpsy,Trends in Psychology,indexacao_interrompida,,0,2358-1883,,2358-1883,Sociedade Brasileira de Psicologia,Ciências Humanas,https://www.scielo.br/j/tpsy/?ilang=pt_BR,
2026-09-06,https://www.scielo.br/journals/alpha?ilang=pt_BR,tpp,Tropical Plant Pathology,indexacao_interrompida,,0,1982-5676; 1983-2052,1982-5676,1983-2052,Sociedade Brasileira de Fitopatologia,Ciências Agrárias,https://www.scielo.br/j/tpp/?ilang=pt_BR,
2026-09-06,https://www.scielo.br/journals/alpha?ilang=pt_BR,tva,Turismo: Visão e Ação,corrente,,0,1983-7151,,1983-7151,Universidade do Vale do Itajaí,Ciências Sociais Aplicadas,https://www.scielo.br/j/tva/?ilang=pt_BR,
2026-09-06,https://www.scielo.br/journals/alpha?ilang=pt_BR,urbe,urbe. Revista Brasileira de Gestão Urbana,corrente,,0,2175-3369,,2175-3369,Pontifícia Universidade Católica do Paraná,Ciências Sociais Aplicadas,https://www.scielo.br/j/urbe/?ilang=pt_BR,
2026-09-06,https://www.scielo.br/journals/alpha?ilang=pt_BR,vh,Varia Historia,corrente,,0,0104-8775; 1982-4343,0104-8775,1982-4343,"Pós-Graduação em História, Faculdade de Filosofia e Ciências Humanas, Universidade Federal de Minas Gerais",Ciências Humanas,https://www.scielo.br/j/vh/?ilang=pt_BR,
2026-09-06,https://www.scielo.br/journals/alpha?ilang=pt_BR,vd,Veredas do Direito,indexacao_interrompida,,0,1806-3845; 2179-8699,1806-3845,2179-8699,Editora Dom Helder,Ciências Sociais Aplicadas,https://www.scielo.br/j/vd/?ilang=pt_BR,
2026-09-06,https://www.scielo.br/journals/alpha?ilang=pt_BR,vb,Vibrant: Virtual Brazilian Anthropology,corrente,,0,1809-4341,,1809-4341,Associação Brasileira de Antropologia (ABA),Ciências Humanas,https://www.scielo.br/j/vb/?ilang=pt_BR,
2026-09-06,https://www.scielo.br/journals/alpha?ilang=pt_BR,zool,Zoologia (Curitiba),corrente,,0,1984-4670; 1984-4689,1984-4670,1984-4689,Sociedade Brasileira de Zoologia,Ciências Biológicas,https://www.scielo.br/j/zool/?ilang=pt_BR,
2026-09-06,https://www.scielo.br/journals/alpha?ilang=pt_BR,agora,Ágora: Estudos em Teoria Psicanalítica,corrente,,0,1516-1498; 1809-4414,1516-1498,1809-4414,Programa de Pós-graduação em Teoria Psicanalítica do Instituto de Psicologia da Universidade Federal do Rio de Janeiro - UFRJ,Ciências Humanas,https://www.scielo.br/j/agora/?ilang=pt_BR,
